canonical,variant,tradition,file,source,source_ids,countries,languages,confidence,last_seen_at
Pierre,Pierre,Colonial-era cross-linguistic name adaptations,cross_linguistic,,,,,0.0,
Pierre,Peter,Colonial-era cross-linguistic name adaptations,cross_linguistic,,,,,0.0,
Pierre,Petros,Colonial-era cross-linguistic name adaptations,cross_linguistic,,,,,0.0,
Pierre,Pedro,Colonial-era cross-linguistic name adaptations,cross_linguistic,,,,,0.0,
Pierre,Pita,Colonial-era cross-linguistic name adaptations,cross_linguistic,,,,,0.0,
Jean,Jean,Colonial-era cross-linguistic name adaptations,cross_linguistic,,,,,0.0,
Jean,John,Colonial-era cross-linguistic name adaptations,cross_linguistic,,,,,0.0,
Jean,Yohana,Colonial-era cross-linguistic name adaptations,cross_linguistic,,,,,0.0,
Jean,Yahya,Colonial-era cross-linguistic name adaptations,cross_linguistic,,,,,0.0,
Jean,Yohannes,Colonial-era cross-linguistic name adaptations,cross_linguistic,,,,,0.0,
Jean,Johannes,Colonial-era cross-linguistic name adaptations,cross_linguistic,,,,,0.0,
Jean,João,Colonial-era cross-linguistic name adaptations,cross_linguistic,,,,,0.0,
Marie,Marie,Colonial-era cross-linguistic name adaptations,cross_linguistic,,,,,0.0,
Marie,Mary,Colonial-era cross-linguistic name adaptations,cross_linguistic,,,,,0.0,
Marie,Mariya,Colonial-era cross-linguistic name adaptations,cross_linguistic,,,,,0.0,
Marie,Maria,Colonial-era cross-linguistic name adaptations,cross_linguistic,,,,,0.0,
Marie,Maryamu,Colonial-era cross-linguistic name adaptations,cross_linguistic,,,,,0.0,
Marie,Maïmouna,Colonial-era cross-linguistic name adaptations,cross_linguistic,,,,,0.0,
Joseph,Joseph,Colonial-era cross-linguistic name adaptations,cross_linguistic,,,,,0.0,
Joseph,Yusuf,Colonial-era cross-linguistic name adaptations,cross_linguistic,,,,,0.0,
Joseph,José,Colonial-era cross-linguistic name adaptations,cross_linguistic,,,,,0.0,
Joseph,Yusufu,Colonial-era cross-linguistic name adaptations,cross_linguistic,,,,,0.0,
Joseph,Josefa,Colonial-era cross-linguistic name adaptations,cross_linguistic,,,,,0.0,
Joseph,Yussufu,Colonial-era cross-linguistic name adaptations,cross_linguistic,,,,,0.0,
Paul,Paul,Colonial-era cross-linguistic name adaptations,cross_linguistic,,,,,0.0,
Paul,Paulo,Colonial-era cross-linguistic name adaptations,cross_linguistic,,,,,0.0,
Paul,Bulus,Colonial-era cross-linguistic name adaptations,cross_linguistic,,,,,0.0,
Paul,Paulu,Colonial-era cross-linguistic name adaptations,cross_linguistic,,,,,0.0,
Paul,Pablo,Colonial-era cross-linguistic name adaptations,cross_linguistic,,,,,0.0,
David,David,Colonial-era cross-linguistic name adaptations,cross_linguistic,,,,,0.0,
David,Dauda,Colonial-era cross-linguistic name adaptations,cross_linguistic,,,,,0.0,
David,Dawud,Colonial-era cross-linguistic name adaptations,cross_linguistic,,,,,0.0,
David,Daouda,Colonial-era cross-linguistic name adaptations,cross_linguistic,,,,,0.0,
David,Davide,Colonial-era cross-linguistic name adaptations,cross_linguistic,,,,,0.0,
James,James,Colonial-era cross-linguistic name adaptations,cross_linguistic,,,,,0.0,
James,Jacques,Colonial-era cross-linguistic name adaptations,cross_linguistic,,,,,0.0,
James,Yakubu,Colonial-era cross-linguistic name adaptations,cross_linguistic,,,,,0.0,
James,Jaime,Colonial-era cross-linguistic name adaptations,cross_linguistic,,,,,0.0,
James,Yaqub,Colonial-era cross-linguistic name adaptations,cross_linguistic,,,,,0.0,
Elizabeth,Elizabeth,Colonial-era cross-linguistic name adaptations,cross_linguistic,,,,,0.0,
Elizabeth,Élisabeth,Colonial-era cross-linguistic name adaptations,cross_linguistic,,,,,0.0,
Elizabeth,Erizabeti,Colonial-era cross-linguistic name adaptations,cross_linguistic,,,,,0.0,
Elizabeth,Elisabete,Colonial-era cross-linguistic name adaptations,cross_linguistic,,,,,0.0,
Elizabeth,Liz,Colonial-era cross-linguistic name adaptations,cross_linguistic,,,,,0.0,
Elizabeth,Beti,Colonial-era cross-linguistic name adaptations,cross_linguistic,,,,,0.0,
Juma,Juma,"East African names (Swahili, Luo, Amharic, Tigrinya, Somali)",east_african,,,,,0.0,
Juma,Djuma,"East African names (Swahili, Luo, Amharic, Tigrinya, Somali)",east_african,,,,,0.0,
Juma,Jouma,"East African names (Swahili, Luo, Amharic, Tigrinya, Somali)",east_african,,,,,0.0,
Baraka,Baraka,"East African names (Swahili, Luo, Amharic, Tigrinya, Somali)",east_african,,,,,0.0,
Baraka,Barack,"East African names (Swahili, Luo, Amharic, Tigrinya, Somali)",east_african,,,,,0.0,
Baraka,Barrack,"East African names (Swahili, Luo, Amharic, Tigrinya, Somali)",east_african,,,,,0.0,
Amani,Amani,"East African names (Swahili, Luo, Amharic, Tigrinya, Somali)",east_african,,,,,0.0,
Amani,Amány,"East African names (Swahili, Luo, Amharic, Tigrinya, Somali)",east_african,,,,,0.0,
Tekle,Tekle,"East African names (Swahili, Luo, Amharic, Tigrinya, Somali)",east_african,,,,,0.0,
Tekle,Teklé,"East African names (Swahili, Luo, Amharic, Tigrinya, Somali)",east_african,,,,,0.0,
Tekle,Tekla,"East African names (Swahili, Luo, Amharic, Tigrinya, Somali)",east_african,,,,,0.0,
Tekle,Teklè,"East African names (Swahili, Luo, Amharic, Tigrinya, Somali)",east_african,,,,,0.0,
Haile,Haile,"East African names (Swahili, Luo, Amharic, Tigrinya, Somali)",east_african,,,,,0.0,
Haile,Hailé,"East African names (Swahili, Luo, Amharic, Tigrinya, Somali)",east_african,,,,,0.0,
Haile,Haylè,"East African names (Swahili, Luo, Amharic, Tigrinya, Somali)",east_african,,,,,0.0,
Haile,Hayle,"East African names (Swahili, Luo, Amharic, Tigrinya, Somali)",east_african,,,,,0.0,
Abebe,Abebe,"East African names (Swahili, Luo, Amharic, Tigrinya, Somali)",east_african,,,,,0.0,
Abebe,Abèbè,"East African names (Swahili, Luo, Amharic, Tigrinya, Somali)",east_african,,,,,0.0,
Abebe,Abäbä,"East African names (Swahili, Luo, Amharic, Tigrinya, Somali)",east_african,,,,,0.0,
Getachew,Getachew,"East African names (Swahili, Luo, Amharic, Tigrinya, Somali)",east_african,,,,,0.0,
Getachew,Getatchew,"East African names (Swahili, Luo, Amharic, Tigrinya, Somali)",east_african,,,,,0.0,
Getachew,Getachaw,"East African names (Swahili, Luo, Amharic, Tigrinya, Somali)",east_african,,,,,0.0,
Abdi,Abdi,"East African names (Swahili, Luo, Amharic, Tigrinya, Somali)",east_african,,,,,0.0,
Abdi,Abdirahman,"East African names (Swahili, Luo, Amharic, Tigrinya, Somali)",east_african,,,,,0.0,
Abdi,Abdikarim,"East African names (Swahili, Luo, Amharic, Tigrinya, Somali)",east_african,,,,,0.0,
Abdi,Abdiqani,"East African names (Swahili, Luo, Amharic, Tigrinya, Somali)",east_african,,,,,0.0,
Aden,Aden,"East African names (Swahili, Luo, Amharic, Tigrinya, Somali)",east_african,,,,,0.0,
Aden,Aadan,"East African names (Swahili, Luo, Amharic, Tigrinya, Somali)",east_african,,,,,0.0,
Aden,Aaden,"East African names (Swahili, Luo, Amharic, Tigrinya, Somali)",east_african,,,,,0.0,
Ochieng,Ochieng,"East African names (Swahili, Luo, Amharic, Tigrinya, Somali)",east_african,,,,,0.0,
Ochieng,Otieng,"East African names (Swahili, Luo, Amharic, Tigrinya, Somali)",east_african,,,,,0.0,
Ochieng,Ochieng',"East African names (Swahili, Luo, Amharic, Tigrinya, Somali)",east_african,,,,,0.0,
Onyango,Onyango,"East African names (Swahili, Luo, Amharic, Tigrinya, Somali)",east_african,,,,,0.0,
Onyango,Nyango,"East African names (Swahili, Luo, Amharic, Tigrinya, Somali)",east_african,,,,,0.0,
Onyango,Nyong'o,"East African names (Swahili, Luo, Amharic, Tigrinya, Somali)",east_african,,,,,0.0,
Akinyi,Akinyi,"East African names (Swahili, Luo, Amharic, Tigrinya, Somali)",east_african,,,,,0.0,
Akinyi,Akiny,"East African names (Swahili, Luo, Amharic, Tigrinya, Somali)",east_african,,,,,0.0,
Akinyi,Akini,"East African names (Swahili, Luo, Amharic, Tigrinya, Somali)",east_african,,,,,0.0,
Odhiambo,Odhiambo,"East African names (Swahili, Luo, Amharic, Tigrinya, Somali)",east_african,,,,,0.0,
Odhiambo,Adhiambo,"East African names (Swahili, Luo, Amharic, Tigrinya, Somali)",east_african,,,,,0.0,
Odhiambo,Atieno,"East African names (Swahili, Luo, Amharic, Tigrinya, Somali)",east_african,,,,,0.0,
Owuor,Owuor,"East African names (Swahili, Luo, Amharic, Tigrinya, Somali)",east_african,,,,,0.0,
Owuor,Owuour,"East African names (Swahili, Luo, Amharic, Tigrinya, Somali)",east_african,,,,,0.0,
Owuor,Ouwor,"East African names (Swahili, Luo, Amharic, Tigrinya, Somali)",east_african,,,,,0.0,
Berhe,Berhe,"East African names (Swahili, Luo, Amharic, Tigrinya, Somali)",east_african,,,,,0.0,
Berhe,Berhé,"East African names (Swahili, Luo, Amharic, Tigrinya, Somali)",east_african,,,,,0.0,
Berhe,Birhe,"East African names (Swahili, Luo, Amharic, Tigrinya, Somali)",east_african,,,,,0.0,
Tesfaye,Tesfaye,"East African names (Swahili, Luo, Amharic, Tigrinya, Somali)",east_african,,,,,0.0,
Tesfaye,Tesfay,"East African names (Swahili, Luo, Amharic, Tigrinya, Somali)",east_african,,,,,0.0,
Tesfaye,Tesfa,"East African names (Swahili, Luo, Amharic, Tigrinya, Somali)",east_african,,,,,0.0,
Gebremedhin,Gebremedhin,"East African names (Swahili, Luo, Amharic, Tigrinya, Somali)",east_african,,,,,0.0,
Gebremedhin,Ghebremedhin,"East African names (Swahili, Luo, Amharic, Tigrinya, Somali)",east_african,,,,,0.0,
Gebremedhin,Gibremedhin,"East African names (Swahili, Luo, Amharic, Tigrinya, Somali)",east_african,,,,,0.0,
Abrehet,Abrehet,"East African names (Swahili, Luo, Amharic, Tigrinya, Somali)",east_african,,,,,0.0,
Abrehet,Abrahet,"East African names (Swahili, Luo, Amharic, Tigrinya, Somali)",east_african,,,,,0.0,
Abrehet,Abreha,"East African names (Swahili, Luo, Amharic, Tigrinya, Somali)",east_african,,,,,0.0,
Mwalimu,Mwalimu,"East African names (Swahili, Luo, Amharic, Tigrinya, Somali)",east_african,,,,,0.0,
Mwalimu,Mualimu,"East African names (Swahili, Luo, Amharic, Tigrinya, Somali)",east_african,,,,,0.0,
Rehema,Rehema,"East African names (Swahili, Luo, Amharic, Tigrinya, Somali)",east_african,,,,,0.0,
Rehema,Rahma,"East African names (Swahili, Luo, Amharic, Tigrinya, Somali)",east_african,,,,,0.0,
Rehema,Rahmah,"East African names (Swahili, Luo, Amharic, Tigrinya, Somali)",east_african,,,,,0.0,
Zawadi,Zawadi,"East African names (Swahili, Luo, Amharic, Tigrinya, Somali)",east_african,,,,,0.0,
Zawadi,Zawadie,"East African names (Swahili, Luo, Amharic, Tigrinya, Somali)",east_african,,,,,0.0,
Bouchta,Bouchta,"North African, Congolese, and Malagasy names",north_african,,,,,0.0,
Bouchta,Bouchtà,"North African, Congolese, and Malagasy names",north_african,,,,,0.0,
Driss,Driss,"North African, Congolese, and Malagasy names",north_african,,,,,0.0,
Driss,Idriss,"North African, Congolese, and Malagasy names",north_african,,,,,0.0,
Driss,Idris,"North African, Congolese, and Malagasy names",north_african,,,,,0.0,
Driss,Idrees,"North African, Congolese, and Malagasy names",north_african,,,,,0.0,
Rachid,Rachid,"North African, Congolese, and Malagasy names",north_african,,,,,0.0,
Rachid,Rashid,"North African, Congolese, and Malagasy names",north_african,,,,,0.0,
Rachid,Rasheed,"North African, Congolese, and Malagasy names",north_african,,,,,0.0,
Rachid,Racheed,"North African, Congolese, and Malagasy names",north_african,,,,,0.0,
Kabila,Kabila,"North African, Congolese, and Malagasy names",north_african,,,,,0.0,
Kabila,Kabilah,"North African, Congolese, and Malagasy names",north_african,,,,,0.0,
Mukendi,Mukendi,"North African, Congolese, and Malagasy names",north_african,,,,,0.0,
Mukendi,Mukendy,"North African, Congolese, and Malagasy names",north_african,,,,,0.0,
Tshisekedi,Tshisekedi,"North African, Congolese, and Malagasy names",north_african,,,,,0.0,
Tshisekedi,Tchisekedi,"North African, Congolese, and Malagasy names",north_african,,,,,0.0,
Tshisekedi,Tsisekedi,"North African, Congolese, and Malagasy names",north_african,,,,,0.0,
Rakoto,Rakoto,"North African, Congolese, and Malagasy names",north_african,,,,,0.0,
Rakoto,Rakotondra,"North African, Congolese, and Malagasy names",north_african,,,,,0.0,
Rakoto,Rakotonirina,"North African, Congolese, and Malagasy names",north_african,,,,,0.0,
Andrianaivo,Andrianaivo,"North African, Congolese, and Malagasy names",north_african,,,,,0.0,
Andrianaivo,Andrianaivó,"North African, Congolese, and Malagasy names",north_african,,,,,0.0,
Mohammed,Mohammed,Pan-Islamic / Arabic-origin names used across Africa,pan_islamic,,,,,0.0,
Mohammed,Muhammad,Pan-Islamic / Arabic-origin names used across Africa,pan_islamic,,,,,0.0,
Mohammed,Mohamed,Pan-Islamic / Arabic-origin names used across Africa,pan_islamic,,,,,0.0,
Mohammed,Muhammed,Pan-Islamic / Arabic-origin names used across Africa,pan_islamic,,,,,0.0,
Mohammed,Muhammadu,Pan-Islamic / Arabic-origin names used across Africa,pan_islamic,,,,,0.0,
Mohammed,Mamadou,Pan-Islamic / Arabic-origin names used across Africa,pan_islamic,,,,,0.0,
Mohammed,Mahamadou,Pan-Islamic / Arabic-origin names used across Africa,pan_islamic,,,,,0.0,
Mohammed,Mohammadu,Pan-Islamic / Arabic-origin names used across Africa,pan_islamic,,,,,0.0,
Mohammed,Mohamad,Pan-Islamic / Arabic-origin names used across Africa,pan_islamic,,,,,0.0,
Mohammed,Mouhamed,Pan-Islamic / Arabic-origin names used across Africa,pan_islamic,,,,,0.0,
Mohammed,Mahamed,Pan-Islamic / Arabic-origin names used across Africa,pan_islamic,,,,,0.0,
Mohammed,Mamadu,Pan-Islamic / Arabic-origin names used across Africa,pan_islamic,,,,,0.0,
Mohammed,Mohd,Pan-Islamic / Arabic-origin names used across Africa,pan_islamic,,,,,0.0,
Mohammed,Md,Pan-Islamic / Arabic-origin names used across Africa,pan_islamic,,,,,0.0,
Abdullahi,Abdullahi,Pan-Islamic / Arabic-origin names used across Africa,pan_islamic,,,,,0.0,
Abdullahi,Abdullah,Pan-Islamic / Arabic-origin names used across Africa,pan_islamic,,,,,0.0,
Abdullahi,Abdulahi,Pan-Islamic / Arabic-origin names used across Africa,pan_islamic,,,,,0.0,
Abdullahi,Abdoulay,Pan-Islamic / Arabic-origin names used across Africa,pan_islamic,,,,,0.0,
Abdullahi,Abdoulaye,Pan-Islamic / Arabic-origin names used across Africa,pan_islamic,,,,,0.0,
Abdullahi,Abdulai,Pan-Islamic / Arabic-origin names used across Africa,pan_islamic,,,,,0.0,
Abdullahi,Abdallah,Pan-Islamic / Arabic-origin names used across Africa,pan_islamic,,,,,0.0,
Abdullahi,Abdellah,Pan-Islamic / Arabic-origin names used across Africa,pan_islamic,,,,,0.0,
Abdullahi,Abdalla,Pan-Islamic / Arabic-origin names used across Africa,pan_islamic,,,,,0.0,
Abdullahi,Abdoul,Pan-Islamic / Arabic-origin names used across Africa,pan_islamic,,,,,0.0,
Ibrahim,Ibrahim,Pan-Islamic / Arabic-origin names used across Africa,pan_islamic,,,,,0.0,
Ibrahim,Ibraheem,Pan-Islamic / Arabic-origin names used across Africa,pan_islamic,,,,,0.0,
Ibrahim,Ebrahim,Pan-Islamic / Arabic-origin names used across Africa,pan_islamic,,,,,0.0,
Ibrahim,Brahim,Pan-Islamic / Arabic-origin names used across Africa,pan_islamic,,,,,0.0,
Ibrahim,Ibrahima,Pan-Islamic / Arabic-origin names used across Africa,pan_islamic,,,,,0.0,
Ibrahim,Ibraahim,Pan-Islamic / Arabic-origin names used across Africa,pan_islamic,,,,,0.0,
Ibrahim,Abraam,Pan-Islamic / Arabic-origin names used across Africa,pan_islamic,,,,,0.0,
Ibrahim,Ibra,Pan-Islamic / Arabic-origin names used across Africa,pan_islamic,,,,,0.0,
Fatima,Fatima,Pan-Islamic / Arabic-origin names used across Africa,pan_islamic,,,,,0.0,
Fatima,Fatimah,Pan-Islamic / Arabic-origin names used across Africa,pan_islamic,,,,,0.0,
Fatima,Fatoumata,Pan-Islamic / Arabic-origin names used across Africa,pan_islamic,,,,,0.0,
Fatima,Fatimatou,Pan-Islamic / Arabic-origin names used across Africa,pan_islamic,,,,,0.0,
Fatima,Fatouma,Pan-Islamic / Arabic-origin names used across Africa,pan_islamic,,,,,0.0,
Fatima,Fatma,Pan-Islamic / Arabic-origin names used across Africa,pan_islamic,,,,,0.0,
Fatima,Fadimata,Pan-Islamic / Arabic-origin names used across Africa,pan_islamic,,,,,0.0,
Fatima,Fatime,Pan-Islamic / Arabic-origin names used across Africa,pan_islamic,,,,,0.0,
Fatima,Fatou,Pan-Islamic / Arabic-origin names used across Africa,pan_islamic,,,,,0.0,
Fatima,Fati,Pan-Islamic / Arabic-origin names used across Africa,pan_islamic,,,,,0.0,
Aisha,Aisha,Pan-Islamic / Arabic-origin names used across Africa,pan_islamic,,,,,0.0,
Aisha,Ayesha,Pan-Islamic / Arabic-origin names used across Africa,pan_islamic,,,,,0.0,
Aisha,Aicha,Pan-Islamic / Arabic-origin names used across Africa,pan_islamic,,,,,0.0,
Aisha,Aïsha,Pan-Islamic / Arabic-origin names used across Africa,pan_islamic,,,,,0.0,
Aisha,Aishat,Pan-Islamic / Arabic-origin names used across Africa,pan_islamic,,,,,0.0,
Aisha,Aissata,Pan-Islamic / Arabic-origin names used across Africa,pan_islamic,,,,,0.0,
Aisha,Aisatou,Pan-Islamic / Arabic-origin names used across Africa,pan_islamic,,,,,0.0,
Aisha,Aïssatou,Pan-Islamic / Arabic-origin names used across Africa,pan_islamic,,,,,0.0,
Aisha,Aysha,Pan-Islamic / Arabic-origin names used across Africa,pan_islamic,,,,,0.0,
Aisha,Aisatu,Pan-Islamic / Arabic-origin names used across Africa,pan_islamic,,,,,0.0,
Usman,Usman,Pan-Islamic / Arabic-origin names used across Africa,pan_islamic,,,,,0.0,
Usman,Osman,Pan-Islamic / Arabic-origin names used across Africa,pan_islamic,,,,,0.0,
Usman,Uthman,Pan-Islamic / Arabic-origin names used across Africa,pan_islamic,,,,,0.0,
Usman,Ousmane,Pan-Islamic / Arabic-origin names used across Africa,pan_islamic,,,,,0.0,
Usman,Ousman,Pan-Islamic / Arabic-origin names used across Africa,pan_islamic,,,,,0.0,
Usman,Osmane,Pan-Islamic / Arabic-origin names used across Africa,pan_islamic,,,,,0.0,
Usman,Usumanu,Pan-Islamic / Arabic-origin names used across Africa,pan_islamic,,,,,0.0,
Yusuf,Yusuf,Pan-Islamic / Arabic-origin names used across Africa,pan_islamic,,,,,0.0,
Yusuf,Youssef,Pan-Islamic / Arabic-origin names used across Africa,pan_islamic,,,,,0.0,
Yusuf,Youssouph,Pan-Islamic / Arabic-origin names used across Africa,pan_islamic,,,,,0.0,
Yusuf,Youssouf,Pan-Islamic / Arabic-origin names used across Africa,pan_islamic,,,,,0.0,
Yusuf,Yusuph,Pan-Islamic / Arabic-origin names used across Africa,pan_islamic,,,,,0.0,
Yusuf,Yousuf,Pan-Islamic / Arabic-origin names used across Africa,pan_islamic,,,,,0.0,
Yusuf,Yussufu,Pan-Islamic / Arabic-origin names used across Africa,pan_islamic,,,,,0.0,
Yusuf,Yussuf,Pan-Islamic / Arabic-origin names used across Africa,pan_islamic,,,,,0.0,
Yusuf,Yousef,Pan-Islamic / Arabic-origin names used across Africa,pan_islamic,,,,,0.0,
Ali,Ali,Pan-Islamic / Arabic-origin names used across Africa,pan_islamic,,,,,0.0,
Ali,Aly,Pan-Islamic / Arabic-origin names used across Africa,pan_islamic,,,,,0.0,
Ali,Aliu,Pan-Islamic / Arabic-origin names used across Africa,pan_islamic,,,,,0.0,
Ali,Aliou,Pan-Islamic / Arabic-origin names used across Africa,pan_islamic,,,,,0.0,
Ali,Aliy,Pan-Islamic / Arabic-origin names used across Africa,pan_islamic,,,,,0.0,
Hassan,Hassan,Pan-Islamic / Arabic-origin names used across Africa,pan_islamic,,,,,0.0,
Hassan,Hasan,Pan-Islamic / Arabic-origin names used across Africa,pan_islamic,,,,,0.0,
Hassan,Hassane,Pan-Islamic / Arabic-origin names used across Africa,pan_islamic,,,,,0.0,
Hassan,Assane,Pan-Islamic / Arabic-origin names used across Africa,pan_islamic,,,,,0.0,
Hassan,Assan,Pan-Islamic / Arabic-origin names used across Africa,pan_islamic,,,,,0.0,
Hussein,Hussein,Pan-Islamic / Arabic-origin names used across Africa,pan_islamic,,,,,0.0,
Hussein,Hussain,Pan-Islamic / Arabic-origin names used across Africa,pan_islamic,,,,,0.0,
Hussein,Husseini,Pan-Islamic / Arabic-origin names used across Africa,pan_islamic,,,,,0.0,
Hussein,Housseini,Pan-Islamic / Arabic-origin names used across Africa,pan_islamic,,,,,0.0,
Hussein,Houssein,Pan-Islamic / Arabic-origin names used across Africa,pan_islamic,,,,,0.0,
Hussein,Hissein,Pan-Islamic / Arabic-origin names used across Africa,pan_islamic,,,,,0.0,
Amina,Amina,Pan-Islamic / Arabic-origin names used across Africa,pan_islamic,,,,,0.0,
Amina,Aminah,Pan-Islamic / Arabic-origin names used across Africa,pan_islamic,,,,,0.0,
Amina,Aminata,Pan-Islamic / Arabic-origin names used across Africa,pan_islamic,,,,,0.0,
Amina,Aminatou,Pan-Islamic / Arabic-origin names used across Africa,pan_islamic,,,,,0.0,
Amina,Amine,Pan-Islamic / Arabic-origin names used across Africa,pan_islamic,,,,,0.0,
Maryam,Maryam,Pan-Islamic / Arabic-origin names used across Africa,pan_islamic,,,,,0.0,
Maryam,Mariam,Pan-Islamic / Arabic-origin names used across Africa,pan_islamic,,,,,0.0,
Maryam,Mariama,Pan-Islamic / Arabic-origin names used across Africa,pan_islamic,,,,,0.0,
Maryam,Mariame,Pan-Islamic / Arabic-origin names used across Africa,pan_islamic,,,,,0.0,
Maryam,Meriem,Pan-Islamic / Arabic-origin names used across Africa,pan_islamic,,,,,0.0,
Maryam,Meryem,Pan-Islamic / Arabic-origin names used across Africa,pan_islamic,,,,,0.0,
Maryam,Miriam,Pan-Islamic / Arabic-origin names used across Africa,pan_islamic,,,,,0.0,
Ismail,Ismail,Pan-Islamic / Arabic-origin names used across Africa,pan_islamic,,,,,0.0,
Ismail,Ismaila,Pan-Islamic / Arabic-origin names used across Africa,pan_islamic,,,,,0.0,
Ismail,Ismaël,Pan-Islamic / Arabic-origin names used across Africa,pan_islamic,,,,,0.0,
Ismail,Ismael,Pan-Islamic / Arabic-origin names used across Africa,pan_islamic,,,,,0.0,
Ismail,Esmail,Pan-Islamic / Arabic-origin names used across Africa,pan_islamic,,,,,0.0,
Ismail,Ishmael,Pan-Islamic / Arabic-origin names used across Africa,pan_islamic,,,,,0.0,
Suleiman,Suleiman,Pan-Islamic / Arabic-origin names used across Africa,pan_islamic,,,,,0.0,
Suleiman,Sulaiman,Pan-Islamic / Arabic-origin names used across Africa,pan_islamic,,,,,0.0,
Suleiman,Sulayman,Pan-Islamic / Arabic-origin names used across Africa,pan_islamic,,,,,0.0,
Suleiman,Souleymane,Pan-Islamic / Arabic-origin names used across Africa,pan_islamic,,,,,0.0,
Suleiman,Soulaymane,Pan-Islamic / Arabic-origin names used across Africa,pan_islamic,,,,,0.0,
Suleiman,Sulaimana,Pan-Islamic / Arabic-origin names used across Africa,pan_islamic,,,,,0.0,
Suleiman,Soulaimane,Pan-Islamic / Arabic-origin names used across Africa,pan_islamic,,,,,0.0,
Suleiman,Soliman,Pan-Islamic / Arabic-origin names used across Africa,pan_islamic,,,,,0.0,
Khadija,Khadija,Pan-Islamic / Arabic-origin names used across Africa,pan_islamic,,,,,0.0,
Khadija,Khadijah,Pan-Islamic / Arabic-origin names used across Africa,pan_islamic,,,,,0.0,
Khadija,Kadija,Pan-Islamic / Arabic-origin names used across Africa,pan_islamic,,,,,0.0,
Khadija,Kadijatou,Pan-Islamic / Arabic-origin names used across Africa,pan_islamic,,,,,0.0,
Khadija,Dija,Pan-Islamic / Arabic-origin names used across Africa,pan_islamic,,,,,0.0,
Khadija,Hadja,Pan-Islamic / Arabic-origin names used across Africa,pan_islamic,,,,,0.0,
Khadija,Hadiatou,Pan-Islamic / Arabic-origin names used across Africa,pan_islamic,,,,,0.0,
Khadija,Khadidjah,Pan-Islamic / Arabic-origin names used across Africa,pan_islamic,,,,,0.0,
Zainab,Zainab,Pan-Islamic / Arabic-origin names used across Africa,pan_islamic,,,,,0.0,
Zainab,Zaynab,Pan-Islamic / Arabic-origin names used across Africa,pan_islamic,,,,,0.0,
Zainab,Zeinab,Pan-Islamic / Arabic-origin names used across Africa,pan_islamic,,,,,0.0,
Zainab,Zeynab,Pan-Islamic / Arabic-origin names used across Africa,pan_islamic,,,,,0.0,
Zainab,Zainaba,Pan-Islamic / Arabic-origin names used across Africa,pan_islamic,,,,,0.0,
Zainab,Zenab,Pan-Islamic / Arabic-origin names used across Africa,pan_islamic,,,,,0.0,
Safiya,Safiya,Pan-Islamic / Arabic-origin names used across Africa,pan_islamic,,,,,0.0,
Safiya,Safiyya,Pan-Islamic / Arabic-origin names used across Africa,pan_islamic,,,,,0.0,
Safiya,Sofia,Pan-Islamic / Arabic-origin names used across Africa,pan_islamic,,,,,0.0,
Safiya,Safia,Pan-Islamic / Arabic-origin names used across Africa,pan_islamic,,,,,0.0,
Safiya,Safiatou,Pan-Islamic / Arabic-origin names used across Africa,pan_islamic,,,,,0.0,
Halima,Halima,Pan-Islamic / Arabic-origin names used across Africa,pan_islamic,,,,,0.0,
Halima,Halimah,Pan-Islamic / Arabic-origin names used across Africa,pan_islamic,,,,,0.0,
Halima,Halimatou,Pan-Islamic / Arabic-origin names used across Africa,pan_islamic,,,,,0.0,
Halima,Halimata,Pan-Islamic / Arabic-origin names used across Africa,pan_islamic,,,,,0.0,
Halima,Halime,Pan-Islamic / Arabic-origin names used across Africa,pan_islamic,,,,,0.0,
Ruqayya,Ruqayya,Pan-Islamic / Arabic-origin names used across Africa,pan_islamic,,,,,0.0,
Ruqayya,Ruqayyah,Pan-Islamic / Arabic-origin names used across Africa,pan_islamic,,,,,0.0,
Ruqayya,Rukayat,Pan-Islamic / Arabic-origin names used across Africa,pan_islamic,,,,,0.0,
Ruqayya,Rokia,Pan-Islamic / Arabic-origin names used across Africa,pan_islamic,,,,,0.0,
Ruqayya,Rokiatou,Pan-Islamic / Arabic-origin names used across Africa,pan_islamic,,,,,0.0,
Ruqayya,Roukia,Pan-Islamic / Arabic-origin names used across Africa,pan_islamic,,,,,0.0,
Nkomo,Nkomo,"Southern African names (Zulu, Xhosa, Tswana, Sotho)",southern_african,,,,,0.0,
Nkomo,Nkhomo,"Southern African names (Zulu, Xhosa, Tswana, Sotho)",southern_african,,,,,0.0,
Nkomo,Ngomo,"Southern African names (Zulu, Xhosa, Tswana, Sotho)",southern_african,,,,,0.0,
Mandela,Mandela,"Southern African names (Zulu, Xhosa, Tswana, Sotho)",southern_african,,,,,0.0,
Mandela,Madela,"Southern African names (Zulu, Xhosa, Tswana, Sotho)",southern_african,,,,,0.0,
Dlamini,Dlamini,"Southern African names (Zulu, Xhosa, Tswana, Sotho)",southern_african,,,,,0.0,
Dlamini,Dhlamini,"Southern African names (Zulu, Xhosa, Tswana, Sotho)",southern_african,,,,,0.0,
Dlamini,Ndlamini,"Southern African names (Zulu, Xhosa, Tswana, Sotho)",southern_african,,,,,0.0,
Mwangi,Mwangi,"Southern African names (Zulu, Xhosa, Tswana, Sotho)",southern_african,,,,,0.0,
Mwangi,Wangi,"Southern African names (Zulu, Xhosa, Tswana, Sotho)",southern_african,,,,,0.0,
Kamau,Kamau,"Southern African names (Zulu, Xhosa, Tswana, Sotho)",southern_african,,,,,0.0,
Kamau,Kamao,"Southern African names (Zulu, Xhosa, Tswana, Sotho)",southern_african,,,,,0.0,
Ndlovu,Ndlovu,"Southern African names (Zulu, Xhosa, Tswana, Sotho)",southern_african,,,,,0.0,
Ndlovu,Ndhlovu,"Southern African names (Zulu, Xhosa, Tswana, Sotho)",southern_african,,,,,0.0,
Ndlovu,Dhlovu,"Southern African names (Zulu, Xhosa, Tswana, Sotho)",southern_african,,,,,0.0,
Modise,Modise,"Southern African names (Zulu, Xhosa, Tswana, Sotho)",southern_african,,,,,0.0,
Modise,Modishe,"Southern African names (Zulu, Xhosa, Tswana, Sotho)",southern_african,,,,,0.0,
Mokone,Mokone,"Southern African names (Zulu, Xhosa, Tswana, Sotho)",southern_african,,,,,0.0,
Mokone,Mogane,"Southern African names (Zulu, Xhosa, Tswana, Sotho)",southern_african,,,,,0.0,
Mokone,Mokhone,"Southern African names (Zulu, Xhosa, Tswana, Sotho)",southern_african,,,,,0.0,
Thabo,Thabo,"Southern African names (Zulu, Xhosa, Tswana, Sotho)",southern_african,,,,,0.0,
Thabo,Thabiso,"Southern African names (Zulu, Xhosa, Tswana, Sotho)",southern_african,,,,,0.0,
Thabo,Thabs,"Southern African names (Zulu, Xhosa, Tswana, Sotho)",southern_african,,,,,0.0,
Lerato,Lerato,"Southern African names (Zulu, Xhosa, Tswana, Sotho)",southern_african,,,,,0.0,
Lerato,Leratu,"Southern African names (Zulu, Xhosa, Tswana, Sotho)",southern_african,,,,,0.0,
Mpho,Mpho,"Southern African names (Zulu, Xhosa, Tswana, Sotho)",southern_african,,,,,0.0,
Mpho,Mpho-Mary,"Southern African names (Zulu, Xhosa, Tswana, Sotho)",southern_african,,,,,0.0,
Mpho,Neo,"Southern African names (Zulu, Xhosa, Tswana, Sotho)",southern_african,,,,,0.0,
Sipho,Sipho,"Southern African names (Zulu, Xhosa, Tswana, Sotho)",southern_african,,,,,0.0,
Sipho,Sifiso,"Southern African names (Zulu, Xhosa, Tswana, Sotho)",southern_african,,,,,0.0,
Nomusa,Nomusa,"Southern African names (Zulu, Xhosa, Tswana, Sotho)",southern_african,,,,,0.0,
Nomusa,Nomusá,"Southern African names (Zulu, Xhosa, Tswana, Sotho)",southern_african,,,,,0.0,
Thandiwe,Thandiwe,"Southern African names (Zulu, Xhosa, Tswana, Sotho)",southern_african,,,,,0.0,
Thandiwe,Thandeka,"Southern African names (Zulu, Xhosa, Tswana, Sotho)",southern_african,,,,,0.0,
Thandiwe,Thandi,"Southern African names (Zulu, Xhosa, Tswana, Sotho)",southern_african,,,,,0.0,
Diallo,Diallo,"West African names (Yoruba, Igbo, Hausa, Fulani, Akan, Wolof)",west_african,,,,,0.0,
Diallo,Jallow,"West African names (Yoruba, Igbo, Hausa, Fulani, Akan, Wolof)",west_african,,,,,0.0,
Diallo,Diaw,"West African names (Yoruba, Igbo, Hausa, Fulani, Akan, Wolof)",west_african,,,,,0.0,
Diallo,Jalo,"West African names (Yoruba, Igbo, Hausa, Fulani, Akan, Wolof)",west_african,,,,,0.0,
Diallo,Jalloh,"West African names (Yoruba, Igbo, Hausa, Fulani, Akan, Wolof)",west_african,,,,,0.0,
Diallo,Dialaw,"West African names (Yoruba, Igbo, Hausa, Fulani, Akan, Wolof)",west_african,,,,,0.0,
Diallo,Dyal,"West African names (Yoruba, Igbo, Hausa, Fulani, Akan, Wolof)",west_african,,,,,0.0,
Ba,Ba,"West African names (Yoruba, Igbo, Hausa, Fulani, Akan, Wolof)",west_african,,,,,0.0,
Ba,Bah,"West African names (Yoruba, Igbo, Hausa, Fulani, Akan, Wolof)",west_african,,,,,0.0,
Ba,Bâ,"West African names (Yoruba, Igbo, Hausa, Fulani, Akan, Wolof)",west_african,,,,,0.0,
Sow,Sow,"West African names (Yoruba, Igbo, Hausa, Fulani, Akan, Wolof)",west_african,,,,,0.0,
Sow,So,"West African names (Yoruba, Igbo, Hausa, Fulani, Akan, Wolof)",west_african,,,,,0.0,
Sow,Sao,"West African names (Yoruba, Igbo, Hausa, Fulani, Akan, Wolof)",west_african,,,,,0.0,
Koné,Koné,"West African names (Yoruba, Igbo, Hausa, Fulani, Akan, Wolof)",west_african,,,,,0.0,
Koné,Kone,"West African names (Yoruba, Igbo, Hausa, Fulani, Akan, Wolof)",west_african,,,,,0.0,
Koné,Coney,"West African names (Yoruba, Igbo, Hausa, Fulani, Akan, Wolof)",west_african,,,,,0.0,
Koné,Konaté,"West African names (Yoruba, Igbo, Hausa, Fulani, Akan, Wolof)",west_african,,,,,0.0,
Koné,Konate,"West African names (Yoruba, Igbo, Hausa, Fulani, Akan, Wolof)",west_african,,,,,0.0,
Coulibaly,Coulibaly,"West African names (Yoruba, Igbo, Hausa, Fulani, Akan, Wolof)",west_african,,,,,0.0,
Coulibaly,Kulibali,"West African names (Yoruba, Igbo, Hausa, Fulani, Akan, Wolof)",west_african,,,,,0.0,
Coulibaly,Kulibaly,"West African names (Yoruba, Igbo, Hausa, Fulani, Akan, Wolof)",west_african,,,,,0.0,
Coulibaly,Coulibali,"West African names (Yoruba, Igbo, Hausa, Fulani, Akan, Wolof)",west_african,,,,,0.0,
Traoré,Traoré,"West African names (Yoruba, Igbo, Hausa, Fulani, Akan, Wolof)",west_african,,,,,0.0,
Traoré,Traore,"West African names (Yoruba, Igbo, Hausa, Fulani, Akan, Wolof)",west_african,,,,,0.0,
Traoré,Traoure,"West African names (Yoruba, Igbo, Hausa, Fulani, Akan, Wolof)",west_african,,,,,0.0,
Adeyemi,Adeyemi,"West African names (Yoruba, Igbo, Hausa, Fulani, Akan, Wolof)",west_african,,,,,0.0,
Adeyemi,Adeyẹmi,"West African names (Yoruba, Igbo, Hausa, Fulani, Akan, Wolof)",west_african,,,,,0.0,
Adeyemi,Adéyẹmí,"West African names (Yoruba, Igbo, Hausa, Fulani, Akan, Wolof)",west_african,,,,,0.0,
Adekunle,Adekunle,"West African names (Yoruba, Igbo, Hausa, Fulani, Akan, Wolof)",west_african,,,,,0.0,
Adekunle,Adékunlé,"West African names (Yoruba, Igbo, Hausa, Fulani, Akan, Wolof)",west_african,,,,,0.0,
Adekunle,Adekunle,"West African names (Yoruba, Igbo, Hausa, Fulani, Akan, Wolof)",west_african,,,,,0.0,
Oladipo,Oladipo,"West African names (Yoruba, Igbo, Hausa, Fulani, Akan, Wolof)",west_african,,,,,0.0,
Oladipo,Oladipọ,"West African names (Yoruba, Igbo, Hausa, Fulani, Akan, Wolof)",west_african,,,,,0.0,
Oladipo,Oládípò,"West African names (Yoruba, Igbo, Hausa, Fulani, Akan, Wolof)",west_african,,,,,0.0,
Oluwaseun,Oluwaseun,"West African names (Yoruba, Igbo, Hausa, Fulani, Akan, Wolof)",west_african,,,,,0.0,
Oluwaseun,Olúwáṣeun,"West African names (Yoruba, Igbo, Hausa, Fulani, Akan, Wolof)",west_african,,,,,0.0,
Oluwaseun,Oluseun,"West African names (Yoruba, Igbo, Hausa, Fulani, Akan, Wolof)",west_african,,,,,0.0,
Oluwaseun,Shewn,"West African names (Yoruba, Igbo, Hausa, Fulani, Akan, Wolof)",west_african,,,,,0.0,
Adeola,Adeola,"West African names (Yoruba, Igbo, Hausa, Fulani, Akan, Wolof)",west_african,,,,,0.0,
Adeola,Adéọlá,"West African names (Yoruba, Igbo, Hausa, Fulani, Akan, Wolof)",west_african,,,,,0.0,
Adeola,Adeolá,"West African names (Yoruba, Igbo, Hausa, Fulani, Akan, Wolof)",west_african,,,,,0.0,
Babatunde,Babatunde,"West African names (Yoruba, Igbo, Hausa, Fulani, Akan, Wolof)",west_african,,,,,0.0,
Babatunde,Babátúndé,"West African names (Yoruba, Igbo, Hausa, Fulani, Akan, Wolof)",west_african,,,,,0.0,
Babatunde,Bàbátúndé,"West African names (Yoruba, Igbo, Hausa, Fulani, Akan, Wolof)",west_african,,,,,0.0,
Ayodele,Ayodele,"West African names (Yoruba, Igbo, Hausa, Fulani, Akan, Wolof)",west_african,,,,,0.0,
Ayodele,Ayọdélé,"West African names (Yoruba, Igbo, Hausa, Fulani, Akan, Wolof)",west_african,,,,,0.0,
Ayodele,Ayodélé,"West African names (Yoruba, Igbo, Hausa, Fulani, Akan, Wolof)",west_african,,,,,0.0,
Chukwu,Chukwu,"West African names (Yoruba, Igbo, Hausa, Fulani, Akan, Wolof)",west_african,,,,,0.0,
Chukwu,Chukwuma,"West African names (Yoruba, Igbo, Hausa, Fulani, Akan, Wolof)",west_african,,,,,0.0,
Chukwu,Chukwuemeka,"West African names (Yoruba, Igbo, Hausa, Fulani, Akan, Wolof)",west_african,,,,,0.0,
Chukwu,Chuks,"West African names (Yoruba, Igbo, Hausa, Fulani, Akan, Wolof)",west_african,,,,,0.0,
Chukwu,Chukwudi,"West African names (Yoruba, Igbo, Hausa, Fulani, Akan, Wolof)",west_african,,,,,0.0,
Okafor,Okafor,"West African names (Yoruba, Igbo, Hausa, Fulani, Akan, Wolof)",west_african,,,,,0.0,
Okafor,Okafo,"West African names (Yoruba, Igbo, Hausa, Fulani, Akan, Wolof)",west_african,,,,,0.0,
Okafor,Ọkafọ,"West African names (Yoruba, Igbo, Hausa, Fulani, Akan, Wolof)",west_african,,,,,0.0,
Nneka,Nneka,"West African names (Yoruba, Igbo, Hausa, Fulani, Akan, Wolof)",west_african,,,,,0.0,
Nneka,Neka,"West African names (Yoruba, Igbo, Hausa, Fulani, Akan, Wolof)",west_african,,,,,0.0,
Nneka,Nnekā,"West African names (Yoruba, Igbo, Hausa, Fulani, Akan, Wolof)",west_african,,,,,0.0,
Obiora,Obiora,"West African names (Yoruba, Igbo, Hausa, Fulani, Akan, Wolof)",west_african,,,,,0.0,
Obiora,Obinna,"West African names (Yoruba, Igbo, Hausa, Fulani, Akan, Wolof)",west_african,,,,,0.0,
Obiora,Obi,"West African names (Yoruba, Igbo, Hausa, Fulani, Akan, Wolof)",west_african,,,,,0.0,
Nnamdi,Nnamdi,"West African names (Yoruba, Igbo, Hausa, Fulani, Akan, Wolof)",west_african,,,,,0.0,
Nnamdi,Namdi,"West African names (Yoruba, Igbo, Hausa, Fulani, Akan, Wolof)",west_african,,,,,0.0,
Nnamdi,Nnámdi,"West African names (Yoruba, Igbo, Hausa, Fulani, Akan, Wolof)",west_african,,,,,0.0,
Chimamanda,Chimamanda,"West African names (Yoruba, Igbo, Hausa, Fulani, Akan, Wolof)",west_african,,,,,0.0,
Chimamanda,Chimamandà,"West African names (Yoruba, Igbo, Hausa, Fulani, Akan, Wolof)",west_african,,,,,0.0,
Chimamanda,Chimama,"West African names (Yoruba, Igbo, Hausa, Fulani, Akan, Wolof)",west_african,,,,,0.0,
Emeka,Emeka,"West African names (Yoruba, Igbo, Hausa, Fulani, Akan, Wolof)",west_african,,,,,0.0,
Emeka,Emeká,"West African names (Yoruba, Igbo, Hausa, Fulani, Akan, Wolof)",west_african,,,,,0.0,
Emeka,Chukwuemeka,"West African names (Yoruba, Igbo, Hausa, Fulani, Akan, Wolof)",west_african,,,,,0.0,
Kwame,Kwame,"West African names (Yoruba, Igbo, Hausa, Fulani, Akan, Wolof)",west_african,,,,,0.0,
Kwame,Kwamena,"West African names (Yoruba, Igbo, Hausa, Fulani, Akan, Wolof)",west_african,,,,,0.0,
Kwame,Kweku,"West African names (Yoruba, Igbo, Hausa, Fulani, Akan, Wolof)",west_african,,,,,0.0,
Kofi,Kofi,"West African names (Yoruba, Igbo, Hausa, Fulani, Akan, Wolof)",west_african,,,,,0.0,
Kofi,Fiifi,"West African names (Yoruba, Igbo, Hausa, Fulani, Akan, Wolof)",west_african,,,,,0.0,
Kofi,Yoofi,"West African names (Yoruba, Igbo, Hausa, Fulani, Akan, Wolof)",west_african,,,,,0.0,
Ama,Ama,"West African names (Yoruba, Igbo, Hausa, Fulani, Akan, Wolof)",west_african,,,,,0.0,
Ama,Amba,"West African names (Yoruba, Igbo, Hausa, Fulani, Akan, Wolof)",west_african,,,,,0.0,
Akua,Akua,"West African names (Yoruba, Igbo, Hausa, Fulani, Akan, Wolof)",west_african,,,,,0.0,
Akua,Ekua,"West African names (Yoruba, Igbo, Hausa, Fulani, Akan, Wolof)",west_african,,,,,0.0,
Akua,Akuba,"West African names (Yoruba, Igbo, Hausa, Fulani, Akan, Wolof)",west_african,,,,,0.0,
Kwesi,Kwesi,"West African names (Yoruba, Igbo, Hausa, Fulani, Akan, Wolof)",west_african,,,,,0.0,
Kwesi,Kwasi,"West African names (Yoruba, Igbo, Hausa, Fulani, Akan, Wolof)",west_african,,,,,0.0,
Kwesi,Akwasi,"West African names (Yoruba, Igbo, Hausa, Fulani, Akan, Wolof)",west_african,,,,,0.0,
Buhari,Buhari,"West African names (Yoruba, Igbo, Hausa, Fulani, Akan, Wolof)",west_african,,,,,0.0,
Buhari,Bukhari,"West African names (Yoruba, Igbo, Hausa, Fulani, Akan, Wolof)",west_african,,,,,0.0,
Buhari,Bukar,"West African names (Yoruba, Igbo, Hausa, Fulani, Akan, Wolof)",west_african,,,,,0.0,
Sanusi,Sanusi,"West African names (Yoruba, Igbo, Hausa, Fulani, Akan, Wolof)",west_african,,,,,0.0,
Sanusi,Sanussi,"West African names (Yoruba, Igbo, Hausa, Fulani, Akan, Wolof)",west_african,,,,,0.0,
Sanusi,Sanusy,"West African names (Yoruba, Igbo, Hausa, Fulani, Akan, Wolof)",west_african,,,,,0.0,
Abubakar,Abubakar,"West African names (Yoruba, Igbo, Hausa, Fulani, Akan, Wolof)",west_african,,,,,0.0,
Abubakar,Aboubacar,"West African names (Yoruba, Igbo, Hausa, Fulani, Akan, Wolof)",west_african,,,,,0.0,
Abubakar,Abubakari,"West African names (Yoruba, Igbo, Hausa, Fulani, Akan, Wolof)",west_african,,,,,0.0,
Abubakar,Abu Bakr,"West African names (Yoruba, Igbo, Hausa, Fulani, Akan, Wolof)",west_african,,,,,0.0,
Abubakar,Aboubaker,"West African names (Yoruba, Igbo, Hausa, Fulani, Akan, Wolof)",west_african,,,,,0.0,
Abubakar,Abubaker,"West African names (Yoruba, Igbo, Hausa, Fulani, Akan, Wolof)",west_african,,,,,0.0,
Ndiaye,Ndiaye,"West African names (Yoruba, Igbo, Hausa, Fulani, Akan, Wolof)",west_african,,,,,0.0,
Ndiaye,Ndaye,"West African names (Yoruba, Igbo, Hausa, Fulani, Akan, Wolof)",west_african,,,,,0.0,
Ndiaye,N'Diaye,"West African names (Yoruba, Igbo, Hausa, Fulani, Akan, Wolof)",west_african,,,,,0.0,
Ndiaye,Njay,"West African names (Yoruba, Igbo, Hausa, Fulani, Akan, Wolof)",west_african,,,,,0.0,
Fall,Fall,"West African names (Yoruba, Igbo, Hausa, Fulani, Akan, Wolof)",west_african,,,,,0.0,
Fall,Faal,"West African names (Yoruba, Igbo, Hausa, Fulani, Akan, Wolof)",west_african,,,,,0.0,
Fall,Fal,"West African names (Yoruba, Igbo, Hausa, Fulani, Akan, Wolof)",west_african,,,,,0.0,
Gueye,Gueye,"West African names (Yoruba, Igbo, Hausa, Fulani, Akan, Wolof)",west_african,,,,,0.0,
Gueye,Gay,"West African names (Yoruba, Igbo, Hausa, Fulani, Akan, Wolof)",west_african,,,,,0.0,
Gueye,Gaye,"West African names (Yoruba, Igbo, Hausa, Fulani, Akan, Wolof)",west_african,,,,,0.0,
Gueye,Guèye,"West African names (Yoruba, Igbo, Hausa, Fulani, Akan, Wolof)",west_african,,,,,0.0,
Diop,Diop,"West African names (Yoruba, Igbo, Hausa, Fulani, Akan, Wolof)",west_african,,,,,0.0,
Diop,Joop,"West African names (Yoruba, Igbo, Hausa, Fulani, Akan, Wolof)",west_african,,,,,0.0,
Diop,Diob,"West African names (Yoruba, Igbo, Hausa, Fulani, Akan, Wolof)",west_african,,,,,0.0,
Oluwafemi,Oluwafemi,"West African names (Yoruba, Igbo, Hausa, Fulani, Akan, Wolof)",west_african,,,,,0.0,
Oluwafemi,Olúwafẹmi,"West African names (Yoruba, Igbo, Hausa, Fulani, Akan, Wolof)",west_african,,,,,0.0,
Oluwafemi,Femi,"West African names (Yoruba, Igbo, Hausa, Fulani, Akan, Wolof)",west_african,,,,,0.0,
Temitope,Temitope,"West African names (Yoruba, Igbo, Hausa, Fulani, Akan, Wolof)",west_african,,,,,0.0,
Temitope,Tẹmitọpẹ,"West African names (Yoruba, Igbo, Hausa, Fulani, Akan, Wolof)",west_african,,,,,0.0,
Temitope,Temi,"West African names (Yoruba, Igbo, Hausa, Fulani, Akan, Wolof)",west_african,,,,,0.0,
Olayinka,Olayinka,"West African names (Yoruba, Igbo, Hausa, Fulani, Akan, Wolof)",west_african,,,,,0.0,
Olayinka,Ọlayinka,"West African names (Yoruba, Igbo, Hausa, Fulani, Akan, Wolof)",west_african,,,,,0.0,
Olayinka,Yinka,"West African names (Yoruba, Igbo, Hausa, Fulani, Akan, Wolof)",west_african,,,,,0.0,
Chidinma,Chidinma,"West African names (Yoruba, Igbo, Hausa, Fulani, Akan, Wolof)",west_african,,,,,0.0,
Chidinma,Chidinmá,"West African names (Yoruba, Igbo, Hausa, Fulani, Akan, Wolof)",west_african,,,,,0.0,
Chidinma,Dinma,"West African names (Yoruba, Igbo, Hausa, Fulani, Akan, Wolof)",west_african,,,,,0.0,
Ugochukwu,Ugochukwu,"West African names (Yoruba, Igbo, Hausa, Fulani, Akan, Wolof)",west_african,,,,,0.0,
Ugochukwu,Ugo,"West African names (Yoruba, Igbo, Hausa, Fulani, Akan, Wolof)",west_african,,,,,0.0,
Ugochukwu,Ugochi,"West African names (Yoruba, Igbo, Hausa, Fulani, Akan, Wolof)",west_african,,,,,0.0,
Adaeze,Adaeze,"West African names (Yoruba, Igbo, Hausa, Fulani, Akan, Wolof)",west_african,,,,,0.0,
Adaeze,Ada,"West African names (Yoruba, Igbo, Hausa, Fulani, Akan, Wolof)",west_african,,,,,0.0,
Adaeze,Adaézé,"West African names (Yoruba, Igbo, Hausa, Fulani, Akan, Wolof)",west_african,,,,,0.0,
Yaa,Yaa,"West African names (Yoruba, Igbo, Hausa, Fulani, Akan, Wolof)",west_african,,,,,0.0,
Yaa,Yaaba,"West African names (Yoruba, Igbo, Hausa, Fulani, Akan, Wolof)",west_african,,,,,0.0,
Yaa,Yawa,"West African names (Yoruba, Igbo, Hausa, Fulani, Akan, Wolof)",west_african,,,,,0.0,
Adjoa,Adjoa,"West African names (Yoruba, Igbo, Hausa, Fulani, Akan, Wolof)",west_african,,,,,0.0,
Adjoa,Adwoa,"West African names (Yoruba, Igbo, Hausa, Fulani, Akan, Wolof)",west_african,,,,,0.0,
Adjoa,Ajua,"West African names (Yoruba, Igbo, Hausa, Fulani, Akan, Wolof)",west_african,,,,,0.0,
Akosua,Akosua,"West African names (Yoruba, Igbo, Hausa, Fulani, Akan, Wolof)",west_african,,,,,0.0,
Akosua,Akosuah,"West African names (Yoruba, Igbo, Hausa, Fulani, Akan, Wolof)",west_african,,,,,0.0,
Akosua,Esi,"West African names (Yoruba, Igbo, Hausa, Fulani, Akan, Wolof)",west_african,,,,,0.0,
Binta,Binta,"West African names (Yoruba, Igbo, Hausa, Fulani, Akan, Wolof)",west_african,,,,,0.0,
Binta,Bintu,"West African names (Yoruba, Igbo, Hausa, Fulani, Akan, Wolof)",west_african,,,,,0.0,
Binta,Bintou,"West African names (Yoruba, Igbo, Hausa, Fulani, Akan, Wolof)",west_african,,,,,0.0,
Binta,Bint,"West African names (Yoruba, Igbo, Hausa, Fulani, Akan, Wolof)",west_african,,,,,0.0,
Hauwa,Hauwa,"West African names (Yoruba, Igbo, Hausa, Fulani, Akan, Wolof)",west_african,,,,,0.0,
Hauwa,Hawa,"West African names (Yoruba, Igbo, Hausa, Fulani, Akan, Wolof)",west_african,,,,,0.0,
Hauwa,Hawwa,"West African names (Yoruba, Igbo, Hausa, Fulani, Akan, Wolof)",west_african,,,,,0.0,
Hauwa,Eve,"West African names (Yoruba, Igbo, Hausa, Fulani, Akan, Wolof)",west_african,,,,,0.0,
Musa,Musa,"West African names (Yoruba, Igbo, Hausa, Fulani, Akan, Wolof)",west_african,,,,,0.0,
Musa,Moussa,"West African names (Yoruba, Igbo, Hausa, Fulani, Akan, Wolof)",west_african,,,,,0.0,
Musa,Mousa,"West African names (Yoruba, Igbo, Hausa, Fulani, Akan, Wolof)",west_african,,,,,0.0,
Musa,Moses,"West African names (Yoruba, Igbo, Hausa, Fulani, Akan, Wolof)",west_african,,,,,0.0,
