canonical,variant,tradition,file
Pierre,Pierre,Colonial-era cross-linguistic name adaptations,cross_linguistic
Pierre,Peter,Colonial-era cross-linguistic name adaptations,cross_linguistic
Pierre,Petros,Colonial-era cross-linguistic name adaptations,cross_linguistic
Pierre,Pedro,Colonial-era cross-linguistic name adaptations,cross_linguistic
Pierre,Pita,Colonial-era cross-linguistic name adaptations,cross_linguistic
Jean,Jean,Colonial-era cross-linguistic name adaptations,cross_linguistic
Jean,John,Colonial-era cross-linguistic name adaptations,cross_linguistic
Jean,Yohana,Colonial-era cross-linguistic name adaptations,cross_linguistic
Jean,Yahya,Colonial-era cross-linguistic name adaptations,cross_linguistic
Jean,Yohannes,Colonial-era cross-linguistic name adaptations,cross_linguistic
Jean,Johannes,Colonial-era cross-linguistic name adaptations,cross_linguistic
Jean,João,Colonial-era cross-linguistic name adaptations,cross_linguistic
Marie,Marie,Colonial-era cross-linguistic name adaptations,cross_linguistic
Marie,Mary,Colonial-era cross-linguistic name adaptations,cross_linguistic
Marie,Mariya,Colonial-era cross-linguistic name adaptations,cross_linguistic
Marie,Maria,Colonial-era cross-linguistic name adaptations,cross_linguistic
Marie,Maryamu,Colonial-era cross-linguistic name adaptations,cross_linguistic
Marie,Maïmouna,Colonial-era cross-linguistic name adaptations,cross_linguistic
Joseph,Joseph,Colonial-era cross-linguistic name adaptations,cross_linguistic
Joseph,Yusuf,Colonial-era cross-linguistic name adaptations,cross_linguistic
Joseph,José,Colonial-era cross-linguistic name adaptations,cross_linguistic
Joseph,Yusufu,Colonial-era cross-linguistic name adaptations,cross_linguistic
Joseph,Josefa,Colonial-era cross-linguistic name adaptations,cross_linguistic
Joseph,Yussufu,Colonial-era cross-linguistic name adaptations,cross_linguistic
Paul,Paul,Colonial-era cross-linguistic name adaptations,cross_linguistic
Paul,Paulo,Colonial-era cross-linguistic name adaptations,cross_linguistic
Paul,Bulus,Colonial-era cross-linguistic name adaptations,cross_linguistic
Paul,Paulu,Colonial-era cross-linguistic name adaptations,cross_linguistic
Paul,Pablo,Colonial-era cross-linguistic name adaptations,cross_linguistic
David,David,Colonial-era cross-linguistic name adaptations,cross_linguistic
David,Dauda,Colonial-era cross-linguistic name adaptations,cross_linguistic
David,Dawud,Colonial-era cross-linguistic name adaptations,cross_linguistic
David,Daouda,Colonial-era cross-linguistic name adaptations,cross_linguistic
David,Davide,Colonial-era cross-linguistic name adaptations,cross_linguistic
James,James,Colonial-era cross-linguistic name adaptations,cross_linguistic
James,Jacques,Colonial-era cross-linguistic name adaptations,cross_linguistic
James,Yakubu,Colonial-era cross-linguistic name adaptations,cross_linguistic
James,Jaime,Colonial-era cross-linguistic name adaptations,cross_linguistic
James,Yaqub,Colonial-era cross-linguistic name adaptations,cross_linguistic
Elizabeth,Elizabeth,Colonial-era cross-linguistic name adaptations,cross_linguistic
Elizabeth,Élisabeth,Colonial-era cross-linguistic name adaptations,cross_linguistic
Elizabeth,Erizabeti,Colonial-era cross-linguistic name adaptations,cross_linguistic
Elizabeth,Elisabete,Colonial-era cross-linguistic name adaptations,cross_linguistic
Elizabeth,Liz,Colonial-era cross-linguistic name adaptations,cross_linguistic
Elizabeth,Beti,Colonial-era cross-linguistic name adaptations,cross_linguistic
Juma,Juma,"East African names (Swahili, Luo, Amharic, Tigrinya, Somali)",east_african
Juma,Djuma,"East African names (Swahili, Luo, Amharic, Tigrinya, Somali)",east_african
Juma,Jouma,"East African names (Swahili, Luo, Amharic, Tigrinya, Somali)",east_african
Baraka,Baraka,"East African names (Swahili, Luo, Amharic, Tigrinya, Somali)",east_african
Baraka,Barack,"East African names (Swahili, Luo, Amharic, Tigrinya, Somali)",east_african
Baraka,Barrack,"East African names (Swahili, Luo, Amharic, Tigrinya, Somali)",east_african
Amani,Amani,"East African names (Swahili, Luo, Amharic, Tigrinya, Somali)",east_african
Amani,Amány,"East African names (Swahili, Luo, Amharic, Tigrinya, Somali)",east_african
Tekle,Tekle,"East African names (Swahili, Luo, Amharic, Tigrinya, Somali)",east_african
Tekle,Teklé,"East African names (Swahili, Luo, Amharic, Tigrinya, Somali)",east_african
Tekle,Tekla,"East African names (Swahili, Luo, Amharic, Tigrinya, Somali)",east_african
Tekle,Teklè,"East African names (Swahili, Luo, Amharic, Tigrinya, Somali)",east_african
Haile,Haile,"East African names (Swahili, Luo, Amharic, Tigrinya, Somali)",east_african
Haile,Hailé,"East African names (Swahili, Luo, Amharic, Tigrinya, Somali)",east_african
Haile,Haylè,"East African names (Swahili, Luo, Amharic, Tigrinya, Somali)",east_african
Haile,Hayle,"East African names (Swahili, Luo, Amharic, Tigrinya, Somali)",east_african
Abebe,Abebe,"East African names (Swahili, Luo, Amharic, Tigrinya, Somali)",east_african
Abebe,Abèbè,"East African names (Swahili, Luo, Amharic, Tigrinya, Somali)",east_african
Abebe,Abäbä,"East African names (Swahili, Luo, Amharic, Tigrinya, Somali)",east_african
Getachew,Getachew,"East African names (Swahili, Luo, Amharic, Tigrinya, Somali)",east_african
Getachew,Getatchew,"East African names (Swahili, Luo, Amharic, Tigrinya, Somali)",east_african
Getachew,Getachaw,"East African names (Swahili, Luo, Amharic, Tigrinya, Somali)",east_african
Abdi,Abdi,"East African names (Swahili, Luo, Amharic, Tigrinya, Somali)",east_african
Abdi,Abdirahman,"East African names (Swahili, Luo, Amharic, Tigrinya, Somali)",east_african
Abdi,Abdikarim,"East African names (Swahili, Luo, Amharic, Tigrinya, Somali)",east_african
Abdi,Abdiqani,"East African names (Swahili, Luo, Amharic, Tigrinya, Somali)",east_african
Aden,Aden,"East African names (Swahili, Luo, Amharic, Tigrinya, Somali)",east_african
Aden,Aadan,"East African names (Swahili, Luo, Amharic, Tigrinya, Somali)",east_african
Aden,Aaden,"East African names (Swahili, Luo, Amharic, Tigrinya, Somali)",east_african
Ochieng,Ochieng,"East African names (Swahili, Luo, Amharic, Tigrinya, Somali)",east_african
Ochieng,Otieng,"East African names (Swahili, Luo, Amharic, Tigrinya, Somali)",east_african
Ochieng,Ochieng',"East African names (Swahili, Luo, Amharic, Tigrinya, Somali)",east_african
Onyango,Onyango,"East African names (Swahili, Luo, Amharic, Tigrinya, Somali)",east_african
Onyango,Nyango,"East African names (Swahili, Luo, Amharic, Tigrinya, Somali)",east_african
Onyango,Nyong'o,"East African names (Swahili, Luo, Amharic, Tigrinya, Somali)",east_african
Akinyi,Akinyi,"East African names (Swahili, Luo, Amharic, Tigrinya, Somali)",east_african
Akinyi,Akiny,"East African names (Swahili, Luo, Amharic, Tigrinya, Somali)",east_african
Akinyi,Akini,"East African names (Swahili, Luo, Amharic, Tigrinya, Somali)",east_african
Odhiambo,Odhiambo,"East African names (Swahili, Luo, Amharic, Tigrinya, Somali)",east_african
Odhiambo,Adhiambo,"East African names (Swahili, Luo, Amharic, Tigrinya, Somali)",east_african
Odhiambo,Atieno,"East African names (Swahili, Luo, Amharic, Tigrinya, Somali)",east_african
Owuor,Owuor,"East African names (Swahili, Luo, Amharic, Tigrinya, Somali)",east_african
Owuor,Owuour,"East African names (Swahili, Luo, Amharic, Tigrinya, Somali)",east_african
Owuor,Ouwor,"East African names (Swahili, Luo, Amharic, Tigrinya, Somali)",east_african
Berhe,Berhe,"East African names (Swahili, Luo, Amharic, Tigrinya, Somali)",east_african
Berhe,Berhé,"East African names (Swahili, Luo, Amharic, Tigrinya, Somali)",east_african
Berhe,Birhe,"East African names (Swahili, Luo, Amharic, Tigrinya, Somali)",east_african
Tesfaye,Tesfaye,"East African names (Swahili, Luo, Amharic, Tigrinya, Somali)",east_african
Tesfaye,Tesfay,"East African names (Swahili, Luo, Amharic, Tigrinya, Somali)",east_african
Tesfaye,Tesfa,"East African names (Swahili, Luo, Amharic, Tigrinya, Somali)",east_african
Gebremedhin,Gebremedhin,"East African names (Swahili, Luo, Amharic, Tigrinya, Somali)",east_african
Gebremedhin,Ghebremedhin,"East African names (Swahili, Luo, Amharic, Tigrinya, Somali)",east_african
Gebremedhin,Gibremedhin,"East African names (Swahili, Luo, Amharic, Tigrinya, Somali)",east_african
Abrehet,Abrehet,"East African names (Swahili, Luo, Amharic, Tigrinya, Somali)",east_african
Abrehet,Abrahet,"East African names (Swahili, Luo, Amharic, Tigrinya, Somali)",east_african
Abrehet,Abreha,"East African names (Swahili, Luo, Amharic, Tigrinya, Somali)",east_african
Mwalimu,Mwalimu,"East African names (Swahili, Luo, Amharic, Tigrinya, Somali)",east_african
Mwalimu,Mualimu,"East African names (Swahili, Luo, Amharic, Tigrinya, Somali)",east_african
Rehema,Rehema,"East African names (Swahili, Luo, Amharic, Tigrinya, Somali)",east_african
Rehema,Rahma,"East African names (Swahili, Luo, Amharic, Tigrinya, Somali)",east_african
Rehema,Rahmah,"East African names (Swahili, Luo, Amharic, Tigrinya, Somali)",east_african
Zawadi,Zawadi,"East African names (Swahili, Luo, Amharic, Tigrinya, Somali)",east_african
Zawadi,Zawadie,"East African names (Swahili, Luo, Amharic, Tigrinya, Somali)",east_african
Bouchta,Bouchta,"North African, Congolese, and Malagasy names",north_african
Bouchta,Bouchtà,"North African, Congolese, and Malagasy names",north_african
Driss,Driss,"North African, Congolese, and Malagasy names",north_african
Driss,Idriss,"North African, Congolese, and Malagasy names",north_african
Driss,Idris,"North African, Congolese, and Malagasy names",north_african
Driss,Idrees,"North African, Congolese, and Malagasy names",north_african
Rachid,Rachid,"North African, Congolese, and Malagasy names",north_african
Rachid,Rashid,"North African, Congolese, and Malagasy names",north_african
Rachid,Rasheed,"North African, Congolese, and Malagasy names",north_african
Rachid,Racheed,"North African, Congolese, and Malagasy names",north_african
Kabila,Kabila,"North African, Congolese, and Malagasy names",north_african
Kabila,Kabilah,"North African, Congolese, and Malagasy names",north_african
Mukendi,Mukendi,"North African, Congolese, and Malagasy names",north_african
Mukendi,Mukendy,"North African, Congolese, and Malagasy names",north_african
Tshisekedi,Tshisekedi,"North African, Congolese, and Malagasy names",north_african
Tshisekedi,Tchisekedi,"North African, Congolese, and Malagasy names",north_african
Tshisekedi,Tsisekedi,"North African, Congolese, and Malagasy names",north_african
Rakoto,Rakoto,"North African, Congolese, and Malagasy names",north_african
Rakoto,Rakotondra,"North African, Congolese, and Malagasy names",north_african
Rakoto,Rakotonirina,"North African, Congolese, and Malagasy names",north_african
Andrianaivo,Andrianaivo,"North African, Congolese, and Malagasy names",north_african
Andrianaivo,Andrianaivó,"North African, Congolese, and Malagasy names",north_african
Mohammed,Mohammed,Pan-Islamic / Arabic-origin names used across Africa,pan_islamic
Mohammed,Muhammad,Pan-Islamic / Arabic-origin names used across Africa,pan_islamic
Mohammed,Mohamed,Pan-Islamic / Arabic-origin names used across Africa,pan_islamic
Mohammed,Muhammed,Pan-Islamic / Arabic-origin names used across Africa,pan_islamic
Mohammed,Muhammadu,Pan-Islamic / Arabic-origin names used across Africa,pan_islamic
Mohammed,Mamadou,Pan-Islamic / Arabic-origin names used across Africa,pan_islamic
Mohammed,Mahamadou,Pan-Islamic / Arabic-origin names used across Africa,pan_islamic
Mohammed,Mohammadu,Pan-Islamic / Arabic-origin names used across Africa,pan_islamic
Mohammed,Mohamad,Pan-Islamic / Arabic-origin names used across Africa,pan_islamic
Mohammed,Mouhamed,Pan-Islamic / Arabic-origin names used across Africa,pan_islamic
Mohammed,Mahamed,Pan-Islamic / Arabic-origin names used across Africa,pan_islamic
Mohammed,Mamadu,Pan-Islamic / Arabic-origin names used across Africa,pan_islamic
Mohammed,Mohd,Pan-Islamic / Arabic-origin names used across Africa,pan_islamic
Mohammed,Md,Pan-Islamic / Arabic-origin names used across Africa,pan_islamic
Abdullahi,Abdullahi,Pan-Islamic / Arabic-origin names used across Africa,pan_islamic
Abdullahi,Abdullah,Pan-Islamic / Arabic-origin names used across Africa,pan_islamic
Abdullahi,Abdulahi,Pan-Islamic / Arabic-origin names used across Africa,pan_islamic
Abdullahi,Abdoulay,Pan-Islamic / Arabic-origin names used across Africa,pan_islamic
Abdullahi,Abdoulaye,Pan-Islamic / Arabic-origin names used across Africa,pan_islamic
Abdullahi,Abdulai,Pan-Islamic / Arabic-origin names used across Africa,pan_islamic
Abdullahi,Abdallah,Pan-Islamic / Arabic-origin names used across Africa,pan_islamic
Abdullahi,Abdellah,Pan-Islamic / Arabic-origin names used across Africa,pan_islamic
Abdullahi,Abdalla,Pan-Islamic / Arabic-origin names used across Africa,pan_islamic
Abdullahi,Abdoul,Pan-Islamic / Arabic-origin names used across Africa,pan_islamic
Ibrahim,Ibrahim,Pan-Islamic / Arabic-origin names used across Africa,pan_islamic
Ibrahim,Ibraheem,Pan-Islamic / Arabic-origin names used across Africa,pan_islamic
Ibrahim,Ebrahim,Pan-Islamic / Arabic-origin names used across Africa,pan_islamic
Ibrahim,Brahim,Pan-Islamic / Arabic-origin names used across Africa,pan_islamic
Ibrahim,Ibrahima,Pan-Islamic / Arabic-origin names used across Africa,pan_islamic
Ibrahim,Ibraahim,Pan-Islamic / Arabic-origin names used across Africa,pan_islamic
Ibrahim,Abraam,Pan-Islamic / Arabic-origin names used across Africa,pan_islamic
Ibrahim,Ibra,Pan-Islamic / Arabic-origin names used across Africa,pan_islamic
Fatima,Fatima,Pan-Islamic / Arabic-origin names used across Africa,pan_islamic
Fatima,Fatimah,Pan-Islamic / Arabic-origin names used across Africa,pan_islamic
Fatima,Fatoumata,Pan-Islamic / Arabic-origin names used across Africa,pan_islamic
Fatima,Fatimatou,Pan-Islamic / Arabic-origin names used across Africa,pan_islamic
Fatima,Fatouma,Pan-Islamic / Arabic-origin names used across Africa,pan_islamic
Fatima,Fatma,Pan-Islamic / Arabic-origin names used across Africa,pan_islamic
Fatima,Fadimata,Pan-Islamic / Arabic-origin names used across Africa,pan_islamic
Fatima,Fatime,Pan-Islamic / Arabic-origin names used across Africa,pan_islamic
Fatima,Fatou,Pan-Islamic / Arabic-origin names used across Africa,pan_islamic
Fatima,Fati,Pan-Islamic / Arabic-origin names used across Africa,pan_islamic
Aisha,Aisha,Pan-Islamic / Arabic-origin names used across Africa,pan_islamic
Aisha,Ayesha,Pan-Islamic / Arabic-origin names used across Africa,pan_islamic
Aisha,Aicha,Pan-Islamic / Arabic-origin names used across Africa,pan_islamic
Aisha,Aïsha,Pan-Islamic / Arabic-origin names used across Africa,pan_islamic
Aisha,Aishat,Pan-Islamic / Arabic-origin names used across Africa,pan_islamic
Aisha,Aissata,Pan-Islamic / Arabic-origin names used across Africa,pan_islamic
Aisha,Aisatou,Pan-Islamic / Arabic-origin names used across Africa,pan_islamic
Aisha,Aïssatou,Pan-Islamic / Arabic-origin names used across Africa,pan_islamic
Aisha,Aysha,Pan-Islamic / Arabic-origin names used across Africa,pan_islamic
Aisha,Aisatu,Pan-Islamic / Arabic-origin names used across Africa,pan_islamic
Usman,Usman,Pan-Islamic / Arabic-origin names used across Africa,pan_islamic
Usman,Osman,Pan-Islamic / Arabic-origin names used across Africa,pan_islamic
Usman,Uthman,Pan-Islamic / Arabic-origin names used across Africa,pan_islamic
Usman,Ousmane,Pan-Islamic / Arabic-origin names used across Africa,pan_islamic
Usman,Ousman,Pan-Islamic / Arabic-origin names used across Africa,pan_islamic
Usman,Osmane,Pan-Islamic / Arabic-origin names used across Africa,pan_islamic
Usman,Usumanu,Pan-Islamic / Arabic-origin names used across Africa,pan_islamic
Yusuf,Yusuf,Pan-Islamic / Arabic-origin names used across Africa,pan_islamic
Yusuf,Youssef,Pan-Islamic / Arabic-origin names used across Africa,pan_islamic
Yusuf,Youssouph,Pan-Islamic / Arabic-origin names used across Africa,pan_islamic
Yusuf,Youssouf,Pan-Islamic / Arabic-origin names used across Africa,pan_islamic
Yusuf,Yusuph,Pan-Islamic / Arabic-origin names used across Africa,pan_islamic
Yusuf,Yousuf,Pan-Islamic / Arabic-origin names used across Africa,pan_islamic
Yusuf,Yussufu,Pan-Islamic / Arabic-origin names used across Africa,pan_islamic
Yusuf,Yussuf,Pan-Islamic / Arabic-origin names used across Africa,pan_islamic
Yusuf,Yousef,Pan-Islamic / Arabic-origin names used across Africa,pan_islamic
Ali,Ali,Pan-Islamic / Arabic-origin names used across Africa,pan_islamic
Ali,Aly,Pan-Islamic / Arabic-origin names used across Africa,pan_islamic
Ali,Aliu,Pan-Islamic / Arabic-origin names used across Africa,pan_islamic
Ali,Aliou,Pan-Islamic / Arabic-origin names used across Africa,pan_islamic
Ali,Aliy,Pan-Islamic / Arabic-origin names used across Africa,pan_islamic
Hassan,Hassan,Pan-Islamic / Arabic-origin names used across Africa,pan_islamic
Hassan,Hasan,Pan-Islamic / Arabic-origin names used across Africa,pan_islamic
Hassan,Hassane,Pan-Islamic / Arabic-origin names used across Africa,pan_islamic
Hassan,Assane,Pan-Islamic / Arabic-origin names used across Africa,pan_islamic
Hassan,Assan,Pan-Islamic / Arabic-origin names used across Africa,pan_islamic
Hussein,Hussein,Pan-Islamic / Arabic-origin names used across Africa,pan_islamic
Hussein,Hussain,Pan-Islamic / Arabic-origin names used across Africa,pan_islamic
Hussein,Husseini,Pan-Islamic / Arabic-origin names used across Africa,pan_islamic
Hussein,Housseini,Pan-Islamic / Arabic-origin names used across Africa,pan_islamic
Hussein,Houssein,Pan-Islamic / Arabic-origin names used across Africa,pan_islamic
Hussein,Hissein,Pan-Islamic / Arabic-origin names used across Africa,pan_islamic
Amina,Amina,Pan-Islamic / Arabic-origin names used across Africa,pan_islamic
Amina,Aminah,Pan-Islamic / Arabic-origin names used across Africa,pan_islamic
Amina,Aminata,Pan-Islamic / Arabic-origin names used across Africa,pan_islamic
Amina,Aminatou,Pan-Islamic / Arabic-origin names used across Africa,pan_islamic
Amina,Amine,Pan-Islamic / Arabic-origin names used across Africa,pan_islamic
Maryam,Maryam,Pan-Islamic / Arabic-origin names used across Africa,pan_islamic
Maryam,Mariam,Pan-Islamic / Arabic-origin names used across Africa,pan_islamic
Maryam,Mariama,Pan-Islamic / Arabic-origin names used across Africa,pan_islamic
Maryam,Mariame,Pan-Islamic / Arabic-origin names used across Africa,pan_islamic
Maryam,Meriem,Pan-Islamic / Arabic-origin names used across Africa,pan_islamic
Maryam,Meryem,Pan-Islamic / Arabic-origin names used across Africa,pan_islamic
Maryam,Miriam,Pan-Islamic / Arabic-origin names used across Africa,pan_islamic
Ismail,Ismail,Pan-Islamic / Arabic-origin names used across Africa,pan_islamic
Ismail,Ismaila,Pan-Islamic / Arabic-origin names used across Africa,pan_islamic
Ismail,Ismaël,Pan-Islamic / Arabic-origin names used across Africa,pan_islamic
Ismail,Ismael,Pan-Islamic / Arabic-origin names used across Africa,pan_islamic
Ismail,Esmail,Pan-Islamic / Arabic-origin names used across Africa,pan_islamic
Ismail,Ishmael,Pan-Islamic / Arabic-origin names used across Africa,pan_islamic
Suleiman,Suleiman,Pan-Islamic / Arabic-origin names used across Africa,pan_islamic
Suleiman,Sulaiman,Pan-Islamic / Arabic-origin names used across Africa,pan_islamic
Suleiman,Sulayman,Pan-Islamic / Arabic-origin names used across Africa,pan_islamic
Suleiman,Souleymane,Pan-Islamic / Arabic-origin names used across Africa,pan_islamic
Suleiman,Soulaymane,Pan-Islamic / Arabic-origin names used across Africa,pan_islamic
Suleiman,Sulaimana,Pan-Islamic / Arabic-origin names used across Africa,pan_islamic
Suleiman,Soulaimane,Pan-Islamic / Arabic-origin names used across Africa,pan_islamic
Suleiman,Soliman,Pan-Islamic / Arabic-origin names used across Africa,pan_islamic
Khadija,Khadija,Pan-Islamic / Arabic-origin names used across Africa,pan_islamic
Khadija,Khadijah,Pan-Islamic / Arabic-origin names used across Africa,pan_islamic
Khadija,Kadija,Pan-Islamic / Arabic-origin names used across Africa,pan_islamic
Khadija,Kadijatou,Pan-Islamic / Arabic-origin names used across Africa,pan_islamic
Khadija,Dija,Pan-Islamic / Arabic-origin names used across Africa,pan_islamic
Khadija,Hadja,Pan-Islamic / Arabic-origin names used across Africa,pan_islamic
Khadija,Hadiatou,Pan-Islamic / Arabic-origin names used across Africa,pan_islamic
Khadija,Khadidjah,Pan-Islamic / Arabic-origin names used across Africa,pan_islamic
Zainab,Zainab,Pan-Islamic / Arabic-origin names used across Africa,pan_islamic
Zainab,Zaynab,Pan-Islamic / Arabic-origin names used across Africa,pan_islamic
Zainab,Zeinab,Pan-Islamic / Arabic-origin names used across Africa,pan_islamic
Zainab,Zeynab,Pan-Islamic / Arabic-origin names used across Africa,pan_islamic
Zainab,Zainaba,Pan-Islamic / Arabic-origin names used across Africa,pan_islamic
Zainab,Zenab,Pan-Islamic / Arabic-origin names used across Africa,pan_islamic
Safiya,Safiya,Pan-Islamic / Arabic-origin names used across Africa,pan_islamic
Safiya,Safiyya,Pan-Islamic / Arabic-origin names used across Africa,pan_islamic
Safiya,Sofia,Pan-Islamic / Arabic-origin names used across Africa,pan_islamic
Safiya,Safia,Pan-Islamic / Arabic-origin names used across Africa,pan_islamic
Safiya,Safiatou,Pan-Islamic / Arabic-origin names used across Africa,pan_islamic
Halima,Halima,Pan-Islamic / Arabic-origin names used across Africa,pan_islamic
Halima,Halimah,Pan-Islamic / Arabic-origin names used across Africa,pan_islamic
Halima,Halimatou,Pan-Islamic / Arabic-origin names used across Africa,pan_islamic
Halima,Halimata,Pan-Islamic / Arabic-origin names used across Africa,pan_islamic
Halima,Halime,Pan-Islamic / Arabic-origin names used across Africa,pan_islamic
Ruqayya,Ruqayya,Pan-Islamic / Arabic-origin names used across Africa,pan_islamic
Ruqayya,Ruqayyah,Pan-Islamic / Arabic-origin names used across Africa,pan_islamic
Ruqayya,Rukayat,Pan-Islamic / Arabic-origin names used across Africa,pan_islamic
Ruqayya,Rokia,Pan-Islamic / Arabic-origin names used across Africa,pan_islamic
Ruqayya,Rokiatou,Pan-Islamic / Arabic-origin names used across Africa,pan_islamic
Ruqayya,Roukia,Pan-Islamic / Arabic-origin names used across Africa,pan_islamic
Nkomo,Nkomo,"Southern African names (Zulu, Xhosa, Tswana, Sotho)",southern_african
Nkomo,Nkhomo,"Southern African names (Zulu, Xhosa, Tswana, Sotho)",southern_african
Nkomo,Ngomo,"Southern African names (Zulu, Xhosa, Tswana, Sotho)",southern_african
Mandela,Mandela,"Southern African names (Zulu, Xhosa, Tswana, Sotho)",southern_african
Mandela,Madela,"Southern African names (Zulu, Xhosa, Tswana, Sotho)",southern_african
Dlamini,Dlamini,"Southern African names (Zulu, Xhosa, Tswana, Sotho)",southern_african
Dlamini,Dhlamini,"Southern African names (Zulu, Xhosa, Tswana, Sotho)",southern_african
Dlamini,Ndlamini,"Southern African names (Zulu, Xhosa, Tswana, Sotho)",southern_african
Mwangi,Mwangi,"Southern African names (Zulu, Xhosa, Tswana, Sotho)",southern_african
Mwangi,Wangi,"Southern African names (Zulu, Xhosa, Tswana, Sotho)",southern_african
Kamau,Kamau,"Southern African names (Zulu, Xhosa, Tswana, Sotho)",southern_african
Kamau,Kamao,"Southern African names (Zulu, Xhosa, Tswana, Sotho)",southern_african
Ndlovu,Ndlovu,"Southern African names (Zulu, Xhosa, Tswana, Sotho)",southern_african
Ndlovu,Ndhlovu,"Southern African names (Zulu, Xhosa, Tswana, Sotho)",southern_african
Ndlovu,Dhlovu,"Southern African names (Zulu, Xhosa, Tswana, Sotho)",southern_african
Modise,Modise,"Southern African names (Zulu, Xhosa, Tswana, Sotho)",southern_african
Modise,Modishe,"Southern African names (Zulu, Xhosa, Tswana, Sotho)",southern_african
Mokone,Mokone,"Southern African names (Zulu, Xhosa, Tswana, Sotho)",southern_african
Mokone,Mogane,"Southern African names (Zulu, Xhosa, Tswana, Sotho)",southern_african
Mokone,Mokhone,"Southern African names (Zulu, Xhosa, Tswana, Sotho)",southern_african
Thabo,Thabo,"Southern African names (Zulu, Xhosa, Tswana, Sotho)",southern_african
Thabo,Thabiso,"Southern African names (Zulu, Xhosa, Tswana, Sotho)",southern_african
Thabo,Thabs,"Southern African names (Zulu, Xhosa, Tswana, Sotho)",southern_african
Lerato,Lerato,"Southern African names (Zulu, Xhosa, Tswana, Sotho)",southern_african
Lerato,Leratu,"Southern African names (Zulu, Xhosa, Tswana, Sotho)",southern_african
Mpho,Mpho,"Southern African names (Zulu, Xhosa, Tswana, Sotho)",southern_african
Mpho,Mpho-Mary,"Southern African names (Zulu, Xhosa, Tswana, Sotho)",southern_african
Mpho,Neo,"Southern African names (Zulu, Xhosa, Tswana, Sotho)",southern_african
Sipho,Sipho,"Southern African names (Zulu, Xhosa, Tswana, Sotho)",southern_african
Sipho,Sifiso,"Southern African names (Zulu, Xhosa, Tswana, Sotho)",southern_african
Nomusa,Nomusa,"Southern African names (Zulu, Xhosa, Tswana, Sotho)",southern_african
Nomusa,Nomusá,"Southern African names (Zulu, Xhosa, Tswana, Sotho)",southern_african
Thandiwe,Thandiwe,"Southern African names (Zulu, Xhosa, Tswana, Sotho)",southern_african
Thandiwe,Thandeka,"Southern African names (Zulu, Xhosa, Tswana, Sotho)",southern_african
Thandiwe,Thandi,"Southern African names (Zulu, Xhosa, Tswana, Sotho)",southern_african
Diallo,Diallo,"West African names (Yoruba, Igbo, Hausa, Fulani, Akan, Wolof)",west_african
Diallo,Jallow,"West African names (Yoruba, Igbo, Hausa, Fulani, Akan, Wolof)",west_african
Diallo,Diaw,"West African names (Yoruba, Igbo, Hausa, Fulani, Akan, Wolof)",west_african
Diallo,Jalo,"West African names (Yoruba, Igbo, Hausa, Fulani, Akan, Wolof)",west_african
Diallo,Jalloh,"West African names (Yoruba, Igbo, Hausa, Fulani, Akan, Wolof)",west_african
Diallo,Dialaw,"West African names (Yoruba, Igbo, Hausa, Fulani, Akan, Wolof)",west_african
Diallo,Dyal,"West African names (Yoruba, Igbo, Hausa, Fulani, Akan, Wolof)",west_african
Ba,Ba,"West African names (Yoruba, Igbo, Hausa, Fulani, Akan, Wolof)",west_african
Ba,Bah,"West African names (Yoruba, Igbo, Hausa, Fulani, Akan, Wolof)",west_african
Ba,Bâ,"West African names (Yoruba, Igbo, Hausa, Fulani, Akan, Wolof)",west_african
Sow,Sow,"West African names (Yoruba, Igbo, Hausa, Fulani, Akan, Wolof)",west_african
Sow,So,"West African names (Yoruba, Igbo, Hausa, Fulani, Akan, Wolof)",west_african
Sow,Sao,"West African names (Yoruba, Igbo, Hausa, Fulani, Akan, Wolof)",west_african
Koné,Koné,"West African names (Yoruba, Igbo, Hausa, Fulani, Akan, Wolof)",west_african
Koné,Kone,"West African names (Yoruba, Igbo, Hausa, Fulani, Akan, Wolof)",west_african
Koné,Coney,"West African names (Yoruba, Igbo, Hausa, Fulani, Akan, Wolof)",west_african
Koné,Konaté,"West African names (Yoruba, Igbo, Hausa, Fulani, Akan, Wolof)",west_african
Koné,Konate,"West African names (Yoruba, Igbo, Hausa, Fulani, Akan, Wolof)",west_african
Coulibaly,Coulibaly,"West African names (Yoruba, Igbo, Hausa, Fulani, Akan, Wolof)",west_african
Coulibaly,Kulibali,"West African names (Yoruba, Igbo, Hausa, Fulani, Akan, Wolof)",west_african
Coulibaly,Kulibaly,"West African names (Yoruba, Igbo, Hausa, Fulani, Akan, Wolof)",west_african
Coulibaly,Coulibali,"West African names (Yoruba, Igbo, Hausa, Fulani, Akan, Wolof)",west_african
Traoré,Traoré,"West African names (Yoruba, Igbo, Hausa, Fulani, Akan, Wolof)",west_african
Traoré,Traore,"West African names (Yoruba, Igbo, Hausa, Fulani, Akan, Wolof)",west_african
Traoré,Traoure,"West African names (Yoruba, Igbo, Hausa, Fulani, Akan, Wolof)",west_african
Adeyemi,Adeyemi,"West African names (Yoruba, Igbo, Hausa, Fulani, Akan, Wolof)",west_african
Adeyemi,Adeyẹmi,"West African names (Yoruba, Igbo, Hausa, Fulani, Akan, Wolof)",west_african
Adeyemi,Adéyẹmí,"West African names (Yoruba, Igbo, Hausa, Fulani, Akan, Wolof)",west_african
Adekunle,Adekunle,"West African names (Yoruba, Igbo, Hausa, Fulani, Akan, Wolof)",west_african
Adekunle,Adékunlé,"West African names (Yoruba, Igbo, Hausa, Fulani, Akan, Wolof)",west_african
Adekunle,Adekunle,"West African names (Yoruba, Igbo, Hausa, Fulani, Akan, Wolof)",west_african
Oladipo,Oladipo,"West African names (Yoruba, Igbo, Hausa, Fulani, Akan, Wolof)",west_african
Oladipo,Oladipọ,"West African names (Yoruba, Igbo, Hausa, Fulani, Akan, Wolof)",west_african
Oladipo,Oládípò,"West African names (Yoruba, Igbo, Hausa, Fulani, Akan, Wolof)",west_african
Oluwaseun,Oluwaseun,"West African names (Yoruba, Igbo, Hausa, Fulani, Akan, Wolof)",west_african
Oluwaseun,Olúwáṣeun,"West African names (Yoruba, Igbo, Hausa, Fulani, Akan, Wolof)",west_african
Oluwaseun,Oluseun,"West African names (Yoruba, Igbo, Hausa, Fulani, Akan, Wolof)",west_african
Oluwaseun,Shewn,"West African names (Yoruba, Igbo, Hausa, Fulani, Akan, Wolof)",west_african
Adeola,Adeola,"West African names (Yoruba, Igbo, Hausa, Fulani, Akan, Wolof)",west_african
Adeola,Adéọlá,"West African names (Yoruba, Igbo, Hausa, Fulani, Akan, Wolof)",west_african
Adeola,Adeolá,"West African names (Yoruba, Igbo, Hausa, Fulani, Akan, Wolof)",west_african
Babatunde,Babatunde,"West African names (Yoruba, Igbo, Hausa, Fulani, Akan, Wolof)",west_african
Babatunde,Babátúndé,"West African names (Yoruba, Igbo, Hausa, Fulani, Akan, Wolof)",west_african
Babatunde,Bàbátúndé,"West African names (Yoruba, Igbo, Hausa, Fulani, Akan, Wolof)",west_african
Ayodele,Ayodele,"West African names (Yoruba, Igbo, Hausa, Fulani, Akan, Wolof)",west_african
Ayodele,Ayọdélé,"West African names (Yoruba, Igbo, Hausa, Fulani, Akan, Wolof)",west_african
Ayodele,Ayodélé,"West African names (Yoruba, Igbo, Hausa, Fulani, Akan, Wolof)",west_african
Chukwu,Chukwu,"West African names (Yoruba, Igbo, Hausa, Fulani, Akan, Wolof)",west_african
Chukwu,Chukwuma,"West African names (Yoruba, Igbo, Hausa, Fulani, Akan, Wolof)",west_african
Chukwu,Chukwuemeka,"West African names (Yoruba, Igbo, Hausa, Fulani, Akan, Wolof)",west_african
Chukwu,Chuks,"West African names (Yoruba, Igbo, Hausa, Fulani, Akan, Wolof)",west_african
Chukwu,Chukwudi,"West African names (Yoruba, Igbo, Hausa, Fulani, Akan, Wolof)",west_african
Okafor,Okafor,"West African names (Yoruba, Igbo, Hausa, Fulani, Akan, Wolof)",west_african
Okafor,Okafo,"West African names (Yoruba, Igbo, Hausa, Fulani, Akan, Wolof)",west_african
Okafor,Ọkafọ,"West African names (Yoruba, Igbo, Hausa, Fulani, Akan, Wolof)",west_african
Nneka,Nneka,"West African names (Yoruba, Igbo, Hausa, Fulani, Akan, Wolof)",west_african
Nneka,Neka,"West African names (Yoruba, Igbo, Hausa, Fulani, Akan, Wolof)",west_african
Nneka,Nnekā,"West African names (Yoruba, Igbo, Hausa, Fulani, Akan, Wolof)",west_african
Obiora,Obiora,"West African names (Yoruba, Igbo, Hausa, Fulani, Akan, Wolof)",west_african
Obiora,Obinna,"West African names (Yoruba, Igbo, Hausa, Fulani, Akan, Wolof)",west_african
Obiora,Obi,"West African names (Yoruba, Igbo, Hausa, Fulani, Akan, Wolof)",west_african
Nnamdi,Nnamdi,"West African names (Yoruba, Igbo, Hausa, Fulani, Akan, Wolof)",west_african
Nnamdi,Namdi,"West African names (Yoruba, Igbo, Hausa, Fulani, Akan, Wolof)",west_african
Nnamdi,Nnámdi,"West African names (Yoruba, Igbo, Hausa, Fulani, Akan, Wolof)",west_african
Chimamanda,Chimamanda,"West African names (Yoruba, Igbo, Hausa, Fulani, Akan, Wolof)",west_african
Chimamanda,Chimamandà,"West African names (Yoruba, Igbo, Hausa, Fulani, Akan, Wolof)",west_african
Chimamanda,Chimama,"West African names (Yoruba, Igbo, Hausa, Fulani, Akan, Wolof)",west_african
Emeka,Emeka,"West African names (Yoruba, Igbo, Hausa, Fulani, Akan, Wolof)",west_african
Emeka,Emeká,"West African names (Yoruba, Igbo, Hausa, Fulani, Akan, Wolof)",west_african
Emeka,Chukwuemeka,"West African names (Yoruba, Igbo, Hausa, Fulani, Akan, Wolof)",west_african
Kwame,Kwame,"West African names (Yoruba, Igbo, Hausa, Fulani, Akan, Wolof)",west_african
Kwame,Kwamena,"West African names (Yoruba, Igbo, Hausa, Fulani, Akan, Wolof)",west_african
Kwame,Kweku,"West African names (Yoruba, Igbo, Hausa, Fulani, Akan, Wolof)",west_african
Kofi,Kofi,"West African names (Yoruba, Igbo, Hausa, Fulani, Akan, Wolof)",west_african
Kofi,Fiifi,"West African names (Yoruba, Igbo, Hausa, Fulani, Akan, Wolof)",west_african
Kofi,Yoofi,"West African names (Yoruba, Igbo, Hausa, Fulani, Akan, Wolof)",west_african
Ama,Ama,"West African names (Yoruba, Igbo, Hausa, Fulani, Akan, Wolof)",west_african
Ama,Amba,"West African names (Yoruba, Igbo, Hausa, Fulani, Akan, Wolof)",west_african
Akua,Akua,"West African names (Yoruba, Igbo, Hausa, Fulani, Akan, Wolof)",west_african
Akua,Ekua,"West African names (Yoruba, Igbo, Hausa, Fulani, Akan, Wolof)",west_african
Akua,Akuba,"West African names (Yoruba, Igbo, Hausa, Fulani, Akan, Wolof)",west_african
Kwesi,Kwesi,"West African names (Yoruba, Igbo, Hausa, Fulani, Akan, Wolof)",west_african
Kwesi,Kwasi,"West African names (Yoruba, Igbo, Hausa, Fulani, Akan, Wolof)",west_african
Kwesi,Akwasi,"West African names (Yoruba, Igbo, Hausa, Fulani, Akan, Wolof)",west_african
Buhari,Buhari,"West African names (Yoruba, Igbo, Hausa, Fulani, Akan, Wolof)",west_african
Buhari,Bukhari,"West African names (Yoruba, Igbo, Hausa, Fulani, Akan, Wolof)",west_african
Buhari,Bukar,"West African names (Yoruba, Igbo, Hausa, Fulani, Akan, Wolof)",west_african
Sanusi,Sanusi,"West African names (Yoruba, Igbo, Hausa, Fulani, Akan, Wolof)",west_african
Sanusi,Sanussi,"West African names (Yoruba, Igbo, Hausa, Fulani, Akan, Wolof)",west_african
Sanusi,Sanusy,"West African names (Yoruba, Igbo, Hausa, Fulani, Akan, Wolof)",west_african
Abubakar,Abubakar,"West African names (Yoruba, Igbo, Hausa, Fulani, Akan, Wolof)",west_african
Abubakar,Aboubacar,"West African names (Yoruba, Igbo, Hausa, Fulani, Akan, Wolof)",west_african
Abubakar,Abubakari,"West African names (Yoruba, Igbo, Hausa, Fulani, Akan, Wolof)",west_african
Abubakar,Abu Bakr,"West African names (Yoruba, Igbo, Hausa, Fulani, Akan, Wolof)",west_african
Abubakar,Aboubaker,"West African names (Yoruba, Igbo, Hausa, Fulani, Akan, Wolof)",west_african
Abubakar,Abubaker,"West African names (Yoruba, Igbo, Hausa, Fulani, Akan, Wolof)",west_african
Ndiaye,Ndiaye,"West African names (Yoruba, Igbo, Hausa, Fulani, Akan, Wolof)",west_african
Ndiaye,Ndaye,"West African names (Yoruba, Igbo, Hausa, Fulani, Akan, Wolof)",west_african
Ndiaye,N'Diaye,"West African names (Yoruba, Igbo, Hausa, Fulani, Akan, Wolof)",west_african
Ndiaye,Njay,"West African names (Yoruba, Igbo, Hausa, Fulani, Akan, Wolof)",west_african
Fall,Fall,"West African names (Yoruba, Igbo, Hausa, Fulani, Akan, Wolof)",west_african
Fall,Faal,"West African names (Yoruba, Igbo, Hausa, Fulani, Akan, Wolof)",west_african
Fall,Fal,"West African names (Yoruba, Igbo, Hausa, Fulani, Akan, Wolof)",west_african
Gueye,Gueye,"West African names (Yoruba, Igbo, Hausa, Fulani, Akan, Wolof)",west_african
Gueye,Gay,"West African names (Yoruba, Igbo, Hausa, Fulani, Akan, Wolof)",west_african
Gueye,Gaye,"West African names (Yoruba, Igbo, Hausa, Fulani, Akan, Wolof)",west_african
Gueye,Guèye,"West African names (Yoruba, Igbo, Hausa, Fulani, Akan, Wolof)",west_african
Diop,Diop,"West African names (Yoruba, Igbo, Hausa, Fulani, Akan, Wolof)",west_african
Diop,Joop,"West African names (Yoruba, Igbo, Hausa, Fulani, Akan, Wolof)",west_african
Diop,Diob,"West African names (Yoruba, Igbo, Hausa, Fulani, Akan, Wolof)",west_african
Oluwafemi,Oluwafemi,"West African names (Yoruba, Igbo, Hausa, Fulani, Akan, Wolof)",west_african
Oluwafemi,Olúwafẹmi,"West African names (Yoruba, Igbo, Hausa, Fulani, Akan, Wolof)",west_african
Oluwafemi,Femi,"West African names (Yoruba, Igbo, Hausa, Fulani, Akan, Wolof)",west_african
Temitope,Temitope,"West African names (Yoruba, Igbo, Hausa, Fulani, Akan, Wolof)",west_african
Temitope,Tẹmitọpẹ,"West African names (Yoruba, Igbo, Hausa, Fulani, Akan, Wolof)",west_african
Temitope,Temi,"West African names (Yoruba, Igbo, Hausa, Fulani, Akan, Wolof)",west_african
Olayinka,Olayinka,"West African names (Yoruba, Igbo, Hausa, Fulani, Akan, Wolof)",west_african
Olayinka,Ọlayinka,"West African names (Yoruba, Igbo, Hausa, Fulani, Akan, Wolof)",west_african
Olayinka,Yinka,"West African names (Yoruba, Igbo, Hausa, Fulani, Akan, Wolof)",west_african
Chidinma,Chidinma,"West African names (Yoruba, Igbo, Hausa, Fulani, Akan, Wolof)",west_african
Chidinma,Chidinmá,"West African names (Yoruba, Igbo, Hausa, Fulani, Akan, Wolof)",west_african
Chidinma,Dinma,"West African names (Yoruba, Igbo, Hausa, Fulani, Akan, Wolof)",west_african
Ugochukwu,Ugochukwu,"West African names (Yoruba, Igbo, Hausa, Fulani, Akan, Wolof)",west_african
Ugochukwu,Ugo,"West African names (Yoruba, Igbo, Hausa, Fulani, Akan, Wolof)",west_african
Ugochukwu,Ugochi,"West African names (Yoruba, Igbo, Hausa, Fulani, Akan, Wolof)",west_african
Adaeze,Adaeze,"West African names (Yoruba, Igbo, Hausa, Fulani, Akan, Wolof)",west_african
Adaeze,Ada,"West African names (Yoruba, Igbo, Hausa, Fulani, Akan, Wolof)",west_african
Adaeze,Adaézé,"West African names (Yoruba, Igbo, Hausa, Fulani, Akan, Wolof)",west_african
Yaa,Yaa,"West African names (Yoruba, Igbo, Hausa, Fulani, Akan, Wolof)",west_african
Yaa,Yaaba,"West African names (Yoruba, Igbo, Hausa, Fulani, Akan, Wolof)",west_african
Yaa,Yawa,"West African names (Yoruba, Igbo, Hausa, Fulani, Akan, Wolof)",west_african
Adjoa,Adjoa,"West African names (Yoruba, Igbo, Hausa, Fulani, Akan, Wolof)",west_african
Adjoa,Adwoa,"West African names (Yoruba, Igbo, Hausa, Fulani, Akan, Wolof)",west_african
Adjoa,Ajua,"West African names (Yoruba, Igbo, Hausa, Fulani, Akan, Wolof)",west_african
Akosua,Akosua,"West African names (Yoruba, Igbo, Hausa, Fulani, Akan, Wolof)",west_african
Akosua,Akosuah,"West African names (Yoruba, Igbo, Hausa, Fulani, Akan, Wolof)",west_african
Akosua,Esi,"West African names (Yoruba, Igbo, Hausa, Fulani, Akan, Wolof)",west_african
Binta,Binta,"West African names (Yoruba, Igbo, Hausa, Fulani, Akan, Wolof)",west_african
Binta,Bintu,"West African names (Yoruba, Igbo, Hausa, Fulani, Akan, Wolof)",west_african
Binta,Bintou,"West African names (Yoruba, Igbo, Hausa, Fulani, Akan, Wolof)",west_african
Binta,Bint,"West African names (Yoruba, Igbo, Hausa, Fulani, Akan, Wolof)",west_african
Hauwa,Hauwa,"West African names (Yoruba, Igbo, Hausa, Fulani, Akan, Wolof)",west_african
Hauwa,Hawa,"West African names (Yoruba, Igbo, Hausa, Fulani, Akan, Wolof)",west_african
Hauwa,Hawwa,"West African names (Yoruba, Igbo, Hausa, Fulani, Akan, Wolof)",west_african
Hauwa,Eve,"West African names (Yoruba, Igbo, Hausa, Fulani, Akan, Wolof)",west_african
Musa,Musa,"West African names (Yoruba, Igbo, Hausa, Fulani, Akan, Wolof)",west_african
Musa,Moussa,"West African names (Yoruba, Igbo, Hausa, Fulani, Akan, Wolof)",west_african
Musa,Mousa,"West African names (Yoruba, Igbo, Hausa, Fulani, Akan, Wolof)",west_african
Musa,Moses,"West African names (Yoruba, Igbo, Hausa, Fulani, Akan, Wolof)",west_african
